doctor_candidate_id,facility_id,evuc_identifier,source_url,doctor_full_name,doctor_title,doctor_first_name,doctor_last_name,doctor_suffix,primary_specialization,facility_name,provider_name,provider_ico,parse_status,candidate_confidence,import_recommendation,note
7facc146-1b75-5b2a-aaf7-53242f293f26,e77bc120-2d2f-58cf-9d0e-b9dd6b5de213,66-42317614-A0001,https://www.e-vuc.sk/bbsk/zdravotnictvo/ambulantne-zdravotnicke-zariadenia/banska-bystrica/phdr.-eva-malikova-horna-banska-bystrica-phdr.-eva-malikova.html?page_id=96007,PhDr. Eva Malíková,PhDr.,Eva,Malíková,,domáca ošetrovateľská starostlivosť,"PhDr. Eva Malíková, Horná, Banská Bystrica, (PhDr. Eva Malíková)",PhDr. Eva Malíková,42317614,ok,high,review_then_import,Nie je to license_id; meno je len extrahované z e-VÚC názvu/detailu.
cce5b27a-2adf-5e13-95eb-b9dde57554a2,ab40fe86-8031-5cbc-a9e3-8461326c1fea,66-54109868-A0001,https://www.e-vuc.sk/bbsk/zdravotnictvo/ambulantne-zdravotnicke-zariadenia/brezno/ados-hlavna-pohronska-polhora-mgr.-janka-tyciakova.html?page_id=141539,Mgr. Janka Tyčiaková,Mgr.,Janka,Tyčiaková,,domáca ošetrovateľská starostlivosť,"ADOS, Hlavná, Pohronská Polhora, (Mgr. Janka Tyčiaková)",Mgr. Janka Tyčiaková,54109868,ok,high,review_then_import,Nie je to license_id; meno je len extrahované z e-VÚC názvu/detailu.
eea865fe-ac05-50cd-9762-8b9efefbf130,1e81bd5a-ce25-507b-b034-7ae6fd8a2827,66-33254346-A0001,https://www.e-vuc.sk/bbsk/zdravotnictvo/ambulantne-zdravotnicke-zariadenia/velky-krtis/ados-salubrita-nemocnicna-velky-krtis-phdr.-maria-backova.html?page_id=96024,PhDr. Mária Backová,PhDr.,Mária,Backová,,domáca ošetrovateľská starostlivosť,"ADOS SALUBRITA, Nemocničná, Veľký Krtíš, (PhDr. Mária Backová)",PhDr. Mária Backová,33254346,ok,high,review_then_import,Nie je to license_id; meno je len extrahované z e-VÚC názvu/detailu.
05409d0e-0832-52c0-bb48-3b59952298be,7ec4a213-e897-5dfe-95b2-242c0ce1d908,66-37818911-A0001,https://www.e-vuc.sk/bbsk/zdravotnictvo/ambulantne-zdravotnicke-zariadenia/velky-krtis/ados-nemocnicna-velky-krtis-mgr.-katarina-lukacova.html?page_id=94437,Mgr. Katarína Lukáčová,Mgr.,Katarína,Lukáčová,,domáca ošetrovateľská starostlivosť,"ADOS, Nemocničná, Veľký Krtíš, (Mgr. Katarína Lukáčová)",Mgr. Katarína Lukáčová,37818911,ok,high,review_then_import,Nie je to license_id; meno je len extrahované z e-VÚC názvu/detailu.
37cccee7-44cb-5d95-9efc-d8751f948640,31406a82-8956-5caf-8d96-d23b2b03004c,51-36644331-A0025,https://www.e-vuc.sk/bbsk/zdravotnictvo/ambulantne-zdravotnicke-zariadenia/banska-bystrica/svalz-radiologia-mudr.-maros-daxner-banska-bystrica-stredoslovensky-ustav-srdcovych-a-cievnych-chorob-a.s..html?page_id=154217,MUDr. Maroš Daxner,MUDr.,Maroš,Daxner,,rádiológia,"SVaLZ, rádiológia, MUDr. Maroš Daxner, Banská Bystrica, (Stredoslovenský ústav srdcových a cievnych chorôb, a.s.)","Stredoslovenský ústav srdcových a cievnych chorôb, a.s.",36644331,ok,high,review_then_import,Nie je to license_id; meno je len extrahované z e-VÚC názvu/detailu.
e93d12b7-e360-51c2-a5ff-2df227f8fd8c,15a77d98-3eb5-5d06-a2c6-43cf3590c0f9,51-42255015-A0005,https://www.e-vuc.sk/bbsk/zdravotnictvo/ambulantne-zdravotnicke-zariadenia/banska-bystrica/ambulancia-klinickej-psychologie-phdr.-anna-surovcova-csc.-banska-bystrica-tenenet-o.z..html?page_id=154121,PhDr. Anna Surovcová,PhDr.,Anna,Surovcová,,klinická psychológia,"Ambulancia klinickej psychológie, PhDr. Anna Surovcová, CSc., Banská Bystrica, (TENENET o.z.)",TENENET o.z.,42255015,ok,high,review_then_import,Nie je to license_id; meno je len extrahované z e-VÚC názvu/detailu.
d496165d-e86e-5e70-9278-21ab52c439a8,3f04f9be-a89c-5f74-b932-137a261648c5,51-42255015-A0007,https://www.e-vuc.sk/bbsk/zdravotnictvo/ambulantne-zdravotnicke-zariadenia/banska-bystrica/psychiatricka-ambulancia-mudr.-jana-budinska-velicova-banska-bystrica-tenenet-o.z..html?page_id=154122,MUDr. Jana Budinská Veličová,MUDr.,Jana,Budinská Veličová,,psychiatria,"Psychiatrická ambulancia, MUDr. Jana Budinská Veličová, Banská Bystrica, (TENENET o.z.)",TENENET o.z.,42255015,ok,high,review_then_import,Nie je to license_id; meno je len extrahované z e-VÚC názvu/detailu.
bcf9d47d-f29e-5f9e-a44c-f92577b8ecdf,552049b2-7f2d-58e3-8929-6b2fc47945e9,51-42255015-A0009,https://www.e-vuc.sk/bbsk/zdravotnictvo/ambulantne-zdravotnicke-zariadenia/banska-bystrica/stacionar-psychiatria-mudr.-lenka-obsitnikova-banska-bystrica-tenenet-o.z..html?page_id=154123,MUDr. Lenka Obšitníková,MUDr.,Lenka,Obšitníková,,psychiatria,"Stacionár, psychiatria, MUDr. Lenka Obšitníková, Banská Bystrica, (TENENET o.z.)",TENENET o.z.,42255015,ok,high,review_then_import,Nie je to license_id; meno je len extrahované z e-VÚC názvu/detailu.
3171bc7a-7e71-5022-8ed8-98df4d9a50f3,d6cc0df9-1511-5771-8d24-b927de8ac931,66-36618799-A0006,https://www.e-vuc.sk/bbsk/zdravotnictvo/ambulantne-zdravotnicke-zariadenia/banska-bystrica/ambulancia-zubneho-lekarstva-mddr.-ivana-pollakova-banska-bystrica-kohajda-1.html?page_id=153521,MDDr. Ivana Pollaková,MDDr.,Ivana,Pollaková,,zubné lekárstvo,"Ambulancia zubného lekárstva, MDDr. Ivana Pollaková, Banská Bystrica, (KOHAJDA, s.r.o.)","KOHAJDA, s.r.o.",36618799,ok,high,review_then_import,Nie je to license_id; meno je len extrahované z e-VÚC názvu/detailu.
8f208a92-6ad9-501e-b85e-8a7eb4fc0b1b,4f0b6a83-d79e-5d8f-b996-2610a8612e9a,66-57201536-A0001,https://www.e-vuc.sk/bbsk/zdravotnictvo/ambulantne-zdravotnicke-zariadenia/banska-bystrica/svalz-fyzioterapia-banska-bystrica-mgr.-martina-mazuchova.html?page_id=153366,Mgr. Martina Mazúchová,Mgr.,Martina,Mazúchová,,fyzioterapia,"SVaLZ, fyzioterapia, Banská Bystrica, (Mgr. Martina Mazúchová)",Mgr. Martina Mazúchová,57201536,ok,high,review_then_import,Nie je to license_id; meno je len extrahované z e-VÚC názvu/detailu.
2335216d-2645-5dd8-a4eb-429432cb6008,7187ba35-e8e5-5116-9df2-dba9ce84cc02,66-55479251-A0001,https://www.e-vuc.sk/bbsk/zdravotnictvo/ambulantne-zdravotnicke-zariadenia/banska-bystrica/svalz-fyzioterapia-banska-bystrica-bc.-jana-donovalova.html?page_id=152664,Bc. Jana Donovalová,Bc.,Jana,Donovalová,,fyzioterapia,"SVaLZ, fyzioterapia, Banská Bystrica, (Bc. Jana Donovalová)",Bc. Jana Donovalová,55479251,ok,high,review_then_import,Nie je to license_id; meno je len extrahované z e-VÚC názvu/detailu.
b404bfa0-4203-5904-b78b-80404aecb509,c7c9c3a3-cb1e-5bd1-b589-e0ae92d7dab8,66-50557262-A0001,https://www.e-vuc.sk/bbsk/zdravotnictvo/ambulantne-zdravotnicke-zariadenia/banska-bystrica/ambulancia-klinickej-psychologie-banska-bystrica-phdr.-martina-beckova.html?page_id=152330,PhDr. Martina Bečková,PhDr.,Martina,Bečková,,klinická psychológia,"Ambulancia klinickej psychológie, Banská Bystrica, (PhDr. Martina Bečková)",PhDr. Martina Bečková,50557262,ok,high,review_then_import,Nie je to license_id; meno je len extrahované z e-VÚC názvu/detailu.
a4f673e9-a873-5823-a951-ae534c5bcc85,3c372c8d-15b5-5f8c-a29b-6fabb54c59a4,66-44407033-A0002,https://www.e-vuc.sk/bbsk/zdravotnictvo/ambulantne-zdravotnicke-zariadenia/banska-bystrica/ambulancia-celustnej-ortopedie-mddr.-adam-michelcik-banska-bystrica-vldam.html?page_id=151414,MDDr. Adam Michelčík,MDDr.,Adam,Michelčík,,čeľustná ortopédia,"Ambulancia čeľustnej ortopédie, MDDr. Adam Michelčík, Banská Bystrica, (VLDAM s.r.o.)",VLDAM s.r.o.,44407033,ok,high,review_then_import,Nie je to license_id; meno je len extrahované z e-VÚC názvu/detailu.
8ab0c461-daf2-5701-b9b7-351dab1d905e,7d5fd530-947c-5f39-92f6-29940d07d19b,66-56652062-A0002,https://www.e-vuc.sk/bbsk/zdravotnictvo/ambulantne-zdravotnicke-zariadenia/banska-bystrica/ambulancia-poradenskej-psychologie-banska-bystrica-mgr.-kristina-resslova.html?page_id=151411,Mgr. Kristína Resslová,Mgr.,Kristína,Resslová,,poradenská psychológia,"Ambulancia poradenskej psychológie, Banská Bystrica, (Mgr. Kristína Resslová)",Mgr. Kristína Resslová,56652062,ok,high,review_then_import,Nie je to license_id; meno je len extrahované z e-VÚC názvu/detailu.
d4bd6b60-1297-5e8f-8dea-0db656abe542,e13a49ad-3c2c-5fc4-af85-85114df69848,66-56652062-A0001,https://www.e-vuc.sk/bbsk/zdravotnictvo/ambulantne-zdravotnicke-zariadenia/banska-bystrica/ambulancia-pracovnej-a-organizacnej-psychologie-banska-bystrica-mgr.-kristina-resslova.html?page_id=151412,Mgr. Kristína Resslová,Mgr.,Kristína,Resslová,,pracovná a organizačná psychológia,"Ambulancia pracovnej a organizačnej psychológie, Banská Bystrica, (Mgr. Kristína Resslová)",Mgr. Kristína Resslová,56652062,ok,high,review_then_import,Nie je to license_id; meno je len extrahované z e-VÚC názvu/detailu.
c9bf3c78-7a2b-5c88-9e87-c1aac3c764af,18acebd1-961f-599e-b294-54a8f30237aa,66-51744422-A0011,https://www.e-vuc.sk/bbsk/zdravotnictvo/ambulantne-zdravotnicke-zariadenia/banska-bystrica/ambulancia-diabetologie-a-poruch-latkovej-premeny-a-vyzivy-mudr.-martina-vaganova-banska-bystrica-rozvojova-agentura-banskobystrickeho-samospravneho-kraja-n.o..html?page_id=151349,MUDr. Martina Vagáňová,MUDr.,Martina,Vagáňová,,"diabetológia, poruchy látkovej premeny a výživy","Ambulancia diabetológie a porúch látkovej premeny a výživy, MUDr. Martina Vagáňová, Banská Bystrica, (ROZVOJOVÁ AGENTÚRA Banskobystrického samosprávneho kraja, n.o.)","ROZVOJOVÁ AGENTÚRA Banskobystrického samosprávneho kraja, n.o.",51744422,ok,high,review_then_import,Nie je to license_id; meno je len extrahované z e-VÚC názvu/detailu.
80e8c187-f3ac-5704-9407-0d228f600d02,5134f057-adc9-5c2d-a7dd-c529b350ac69,66-32027222-A0002,https://www.e-vuc.sk/bbsk/zdravotnictvo/ambulantne-zdravotnicke-zariadenia/banska-bystrica/ambulancia-pracovnej-a-organizacnej-psychologie-banska-bystrica-phdr.-janka-raucinova.html?page_id=151267,PhDr. Janka Raučinová,PhDr.,Janka,Raučinová,,pracovná a organizačná psychológia,"Ambulancia pracovnej a organizačnej psychológie, Banská Bystrica, (PhDr. Janka Raučinová)",PhDr. Janka Raučinová,32027222,ok,high,review_then_import,Nie je to license_id; meno je len extrahované z e-VÚC názvu/detailu.
4f4e1995-206f-553f-a746-a25fb49b7b1c,5c463df5-a11f-527f-9d35-882508e25a07,66-55917909-A0001,https://www.e-vuc.sk/bbsk/zdravotnictvo/ambulantne-zdravotnicke-zariadenia/banska-bystrica/vseobecna-ambulancia-pre-dospelych-banska-bystrica-mudr.-darina-kordikova-s.-r.-o..html?page_id=150601,MUDr. Darina Kordíková,MUDr.,Darina,Kordíková,,všeobecné lekárstvo,"Všeobecná ambulancia pre dospelých, Banská Bystrica, (MUDr. Darina Kordíková, s. r. o.)","MUDr. Darina Kordíková, s. r. o.",55917909,ok,high,review_then_import,Nie je to license_id; meno je len extrahované z e-VÚC názvu/detailu.
c52cfd8b-a1bf-519e-803e-2571f50248d4,40f64977-48ed-591b-ad99-71e5b21bc6b8,66-55917569-A0001,https://www.e-vuc.sk/bbsk/zdravotnictvo/ambulantne-zdravotnicke-zariadenia/banska-bystrica/vseobecna-ambulancia-pre-dospelych-banska-bystrica-mudr.-maria-tothova-s.-r.-o..html?page_id=150436,MUDr. Mária Tóthová,MUDr.,Mária,Tóthová,,všeobecné lekárstvo,"Všeobecná ambulancia pre dospelých, Banská Bystrica, (MUDr. Mária Tóthová, s. r. o.)","MUDr. Mária Tóthová, s. r. o.",55917569,ok,high,review_then_import,Nie je to license_id; meno je len extrahované z e-VÚC názvu/detailu.
737c2fef-63e1-5085-b2eb-80a01f6808ac,efc62d9b-c09b-5012-a55e-138fd8a02c9e,66-45594929-A0096,https://www.e-vuc.sk/bbsk/zdravotnictvo/ambulantne-zdravotnicke-zariadenia/banska-bystrica/ambulancia-vnutorneho-lekarstva-mudr.-cellar-marcel-banska-bystrica-nemocnica-agel-zvolen-a.s..html?page_id=150275,MUDr. Čellár Marcel,MUDr.,Čellár,Marcel,,vnútorné lekárstvo,"Ambulancia vnútorného lekárstva, MUDr. Čellár Marcel, Banská Bystrica, (Nemocnica AGEL Zvolen a.s.)",Nemocnica AGEL Zvolen a.s.,45594929,ok,high,review_then_import,Nie je to license_id; meno je len extrahované z e-VÚC názvu/detailu.
b32beeef-362a-59b2-9934-12601bb35113,54696369-4c17-50a5-933c-eb96520f1605,66-56017987-A0001,https://www.e-vuc.sk/bbsk/zdravotnictvo/ambulantne-zdravotnicke-zariadenia/banska-bystrica/ambulancia-detskej-psychiatrie-mudr.-monika-sestakova-banska-bystrica-psychcentrum-s.-r.-o..html?page_id=149965,MUDr. Monika Šestáková,MUDr.,Monika,Šestáková,,detská psychiatria,"Ambulancia detskej psychiatrie, MUDr. Monika Šestáková, Banská Bystrica, (PsychCentrum s. r. o.)",PsychCentrum s. r. o.,56017987,ok,high,review_then_import,Nie je to license_id; meno je len extrahované z e-VÚC názvu/detailu.
8b57edc9-f2da-5a96-8069-4f95dfddfcbe,db0aa8b8-b4b0-5281-bc66-313dfe4a2020,51-31936415-A0260,https://www.e-vuc.sk/bbsk/zdravotnictvo/ambulantne-zdravotnicke-zariadenia/banska-bystrica/vseobecna-ambulancia-pre-dospelych-mudr.-ivana-gutzelnig-banska-bystrica-ustredna-vojenska-nemocnica-snp-ruzomberok-fn.html?page_id=149789,MUDr. Ivana Gutzelnig,MUDr.,Ivana,Gutzelnig,,všeobecné lekárstvo,"Všeobecná ambulancia pre dospelých, MUDr. Ivana Gutzelnig, Banská Bystrica, (Ústredná vojenská nemocnica SNP Ružomberok - FN)",Ústredná vojenská nemocnica SNP Ružomberok - FN,31936415,ok,high,review_then_import,Nie je to license_id; meno je len extrahované z e-VÚC názvu/detailu.
7951ff65-e3c4-5196-9a26-3579db78fe0a,073136a9-1bf4-564e-9922-b45113f8b0be,66-55996558-A0001,https://www.e-vuc.sk/bbsk/zdravotnictvo/ambulantne-zdravotnicke-zariadenia/banska-bystrica/fyzio-kid-banska-bystrica-mgr.-anna-becikova.html?page_id=149510,Mgr. Anna Becíková,Mgr.,Anna,Becíková,,fyzioterapia,"FYZIO KID, Banská Bystrica, (Mgr. Anna Becíková)",Mgr. Anna Becíková,55996558,ok,high,review_then_import,Nie je to license_id; meno je len extrahované z e-VÚC názvu/detailu.
bbcf4329-156f-5bc8-ae65-757a6315bfd2,ae782a99-2d55-5301-a06a-a376fbb02095,66-46040684-A0001,https://www.e-vuc.sk/bbsk/zdravotnictvo/ambulantne-zdravotnicke-zariadenia/banska-bystrica/svalz-fyzioterapia-banska-bystrica-mgr.-katarina-otto-zabkova.html?page_id=146796,Mgr. Katarína Otto Žabková,Mgr.,Katarína,Otto Žabková,,fyzioterapia,"SVaLZ, fyzioterapia, Banská Bystrica, (Mgr. Katarína Otto Žabková)",Mgr. Katarína Otto Žabková,46040684,ok,high,review_then_import,Nie je to license_id; meno je len extrahované z e-VÚC názvu/detailu.
76aa0a78-afb2-5ac5-b8e2-c31c1a5a27e4,b1218356-3356-57f2-be67-eab0837d11d7,66-55478336-A0001,https://www.e-vuc.sk/bbsk/zdravotnictvo/ambulantne-zdravotnicke-zariadenia/banska-bystrica/ambulancia-dentalnej-hygieny-banska-bystrica-bc.-michaela-marnikova.html?page_id=146770,Bc. Michaela Márniková,Bc.,Michaela,Márniková,,dentálna hygiena,"Ambulancia dentálnej hygieny, Banská Bystrica, (Bc. Michaela Márniková)",Bc. Michaela Márniková,55478336,ok,high,review_then_import,Nie je to license_id; meno je len extrahované z e-VÚC názvu/detailu.
a4b6c394-a918-5d4c-a9fb-6520553ce80a,3ad810bc-f612-5494-835d-cef163986e1b,66-55793410-A0001,https://www.e-vuc.sk/bbsk/zdravotnictvo/ambulantne-zdravotnicke-zariadenia/banska-bystrica/kofyzio-banska-bystrica-mgr.-janka-kopecka.html?page_id=146757,Mgr. Janka Kopecká,Mgr.,Janka,Kopecká,,fyzioterapeut,"KOFYZIO, Banská Bystrica, (Mgr. Janka Kopecká)",Mgr. Janka Kopecká,55793410,ok,high,review_then_import,Nie je to license_id; meno je len extrahované z e-VÚC názvu/detailu.
f44654e6-0380-51ed-8ec3-6f2576b0892e,60fd3635-002a-5467-bcb1-123b7c307ac7,66-51744422-A0007,https://www.e-vuc.sk/bbsk/zdravotnictvo/ambulantne-zdravotnicke-zariadenia/banska-bystrica/ambulancia-vseobecneho-lekara-pre-dospelych-mudr.-nikola-brodianska-banska-bystrica-rozvojova-agentura-banskobystrickeho-samospravneho-kraja-n.o..html?page_id=146223,MUDr. Nikola Brodianska,MUDr.,Nikola,Brodianska,,všeobecné lekárstvo,"Ambulancia všeobecného lekára pre dospelých MUDr. Nikola Brodianska, Banská Bystrica, (ROZVOJOVÁ AGENTÚRA Banskobystrického samosprávneho kraja, n.o.)","ROZVOJOVÁ AGENTÚRA Banskobystrického samosprávneho kraja, n.o.",51744422,ok,high,review_then_import,Nie je to license_id; meno je len extrahované z e-VÚC názvu/detailu.
ce6453cb-f68b-51e1-9674-9cacf5f41256,e93de9fa-b746-5e2b-b19c-de519058cc67,66-55342809-A0001,https://www.e-vuc.sk/bbsk/zdravotnictvo/ambulantne-zdravotnicke-zariadenia/banska-bystrica/oftalmologicka-ambulancia-mudr.-jana-fabkova-mph.-banska-bystrica-ocuvia.html?page_id=146222,MUDr. Jana Fabková,MUDr.,Jana,Fabková,,oftalmológia,"Oftalmologická ambulancia, MUDr. Jana Fabková, MPH., Banská Bystrica, (OCUVIA s.r.o.)",OCUVIA s.r.o.,55342809,ok,high,review_then_import,Nie je to license_id; meno je len extrahované z e-VÚC názvu/detailu.
52741820-fd5b-51db-b1d0-7d47c937bb6e,c110cb37-63a4-55d4-8a27-5120501907f6,66-36866105-A0002,https://www.e-vuc.sk/bbsk/zdravotnictvo/ambulantne-zdravotnicke-zariadenia/banska-bystrica/vseobecna-ambulancia-pre-dospelych-banska-bystrica-mudr.-miroslav-krajci-1.html?page_id=146007,MUDr. Miroslav Krajčí,MUDr.,Miroslav,Krajčí,,všeobecné lekárstvo,"Všeobecná ambulancia pre dospelých, Banská Bystrica, (MUDr. Miroslav Krajčí, s.r.o.)","MUDr. Miroslav Krajčí, s.r.o.",36866105,ok,high,review_then_import,Nie je to license_id; meno je len extrahované z e-VÚC názvu/detailu.
18beb77f-1a3b-5322-a5ba-ab388f9e7d05,f90e8eac-2bc4-51a1-83e1-f75a0d1bce4f,66-53639880-A0001,https://www.e-vuc.sk/bbsk/zdravotnictvo/ambulantne-zdravotnicke-zariadenia/banska-bystrica/vseobecna-ambulancia-pre-dospelych-mudr.-viera-dekretova-banska-bystrica-rhema.html?page_id=145313,MUDr. Viera Dekrétová,MUDr.,Viera,Dekrétová,,všeobecné lekárstvo,"Všeobecná ambulancia pre dospelých, MUDr. Viera Dekrétová, Banská Bystrica, (Rhema s.r.o.)",Rhema s.r.o.,53639880,ok,high,review_then_import,Nie je to license_id; meno je len extrahované z e-VÚC názvu/detailu.
25f6c2b2-5db0-59cb-b992-9929dc055ba8,7b585973-b338-5a16-9a8d-f05f27552a2b,66-55221823-A0001,https://www.e-vuc.sk/bbsk/zdravotnictvo/ambulantne-zdravotnicke-zariadenia/banska-bystrica/vseobecna-ambulancia-pre-dospelych-banska-bystrica-mudr.-renata-kovarova-1.html?page_id=145311,MUDr. Renáta Kovářová,MUDr.,Renáta,Kovářová,,všeobecné lekárstvo,"Všeobecná ambulancia pre dospelých, Banská Bystrica, (MUDr. Renáta Kovářová, s.r.o.)","MUDr. Renáta Kovářová, s.r.o.",55221823,ok,high,review_then_import,Nie je to license_id; meno je len extrahované z e-VÚC názvu/detailu.
0b2ce743-9e46-5abd-84b8-bc9c93c95782,f98a9ed3-5003-550f-a4ea-21b10e6beb6e,66-36649601-A0002,https://www.e-vuc.sk/bbsk/zdravotnictvo/ambulantne-zdravotnicke-zariadenia/banska-bystrica/vseobecna-ambulancia-pre-dospelych-mudr.-maria-knapova-banska-bystrica-medianna.html?page_id=145207,MUDr. Mária Knapová,MUDr.,Mária,Knapová,,všeobecné lekárstvo,"Všeobecná ambulancia pre dospelých, MUDr. Mária Knapová, Banská Bystrica, (MEDIANNA s.r.o.)",MEDIANNA s.r.o.,36649601,ok,high,review_then_import,Nie je to license_id; meno je len extrahované z e-VÚC názvu/detailu.
5afdb88d-4d59-561c-9e49-da3ea3d317ce,bedd1b49-8578-5428-a3d7-ad0ee4ba7757,66-54993032-A0001,https://www.e-vuc.sk/bbsk/zdravotnictvo/ambulantne-zdravotnicke-zariadenia/banska-bystrica/ambulancia-klinickej-imunologie-a-alergologie-mudr.-kristina-hornak-banska-bystrica-imunial.html?page_id=144484,MUDr. Kristína Horňák,MUDr.,Kristína,Horňák,,klinická imunológia a alergológia,"Ambulancia klinickej imunológie a alergológie, MUDr. Kristína Horňák, Banská Bystrica, (Imunial s.r.o.)",Imunial s.r.o.,54993032,ok,high,review_then_import,Nie je to license_id; meno je len extrahované z e-VÚC názvu/detailu.
3c209a27-f419-517f-9d5b-19c19a09c905,c59e3757-73a5-58df-abe4-977cb36414e7,66-36862606-A0002,https://www.e-vuc.sk/bbsk/zdravotnictvo/ambulantne-zdravotnicke-zariadenia/banska-bystrica/vseobecna-ambulancia-pre-dospelych-mudr.-zuzana-vitovska-banska-bystrica-medicina-s.r.o.html?page_id=144296,MUDr. Zuzana Vitovská,MUDr.,Zuzana,Vitovská,,všeobecné lekárstvo,"Všeobecná ambulancia pre dospelých, MUDr. Zuzana Vitovská, Banská Bystrica, (MEDIČÍNA, s.r.o)","MEDIČÍNA, s.r.o",36862606,ok,high,review_then_import,Nie je to license_id; meno je len extrahované z e-VÚC názvu/detailu.
a0137e4a-b6b1-53b2-918d-27c6ce57274c,a2e5109e-847d-5c9a-8a54-b143084f5042,66-36862606-A0003,https://www.e-vuc.sk/bbsk/zdravotnictvo/ambulantne-zdravotnicke-zariadenia/banska-bystrica/ambulancia-akupunktury-mudr.-ivana-sanderova-banska-bystrica-medicina-s.r.o.html?page_id=144295,MUDr. Ivana Šanderová,MUDr.,Ivana,Šanderová,,akupunktúra,"Ambulancia akupunktúry, MUDr. Ivana Šanderová, Banská Bystrica, (MEDIČÍNA, s.r.o)","MEDIČÍNA, s.r.o",36862606,ok,high,review_then_import,Nie je to license_id; meno je len extrahované z e-VÚC názvu/detailu.
86038f80-bb85-51be-8423-27c2006e9f6d,c5de1df1-b88d-5ae3-b57b-d4741d1d9ad6,66-54712343-A0001,https://www.e-vuc.sk/bbsk/zdravotnictvo/ambulantne-zdravotnicke-zariadenia/banska-bystrica/ambulancia-radiacnej-onkologie-mudr.peter-vanek-banska-bystrica-onkorad.html?page_id=144158,MUDr.Peter Vaněk,MUDr.,Peter,Vaněk,,radiačná onkológia,"Ambulancia radiačnej onkológie, MUDr.Peter Vaněk, Banská Bystrica, (OnkoRad s.r.o.)",OnkoRad s.r.o.,54712343,ok,high,review_then_import,Nie je to license_id; meno je len extrahované z e-VÚC názvu/detailu.
cb2f987e-588f-57b1-a460-dc00a04d3b11,d5cde3aa-3ba5-5021-a1c0-8fee52fe8ff4,51-00165549-A0130,https://www.e-vuc.sk/bbsk/zdravotnictvo/ambulantne-zdravotnicke-zariadenia/banska-bystrica/neurologicka-ambulancia-mudr.-badinska-necpalova-martina-banska-bystrica-fakultna-nemocnica-s-poliklinikou-f.-d.-roosevelta-banska-bystrica.html?page_id=143485,MUDr. Badinská Necpálová Martina,MUDr.,Badinská,Necpálová Martina,,neurológia,"Neurologická ambulancia, MUDr. Badinská Necpálová Martina, Banská Bystrica, (Fakultná nemocnica s poliklinikou F. D. Roosevelta Banská Bystrica)",Fakultná nemocnica s poliklinikou F. D. Roosevelta Banská Bystrica,00165549,ok,high,review_then_import,Nie je to license_id; meno je len extrahované z e-VÚC názvu/detailu.
18b3e0df-495f-5759-b2eb-ab9be7e3b3ef,69aea62d-788e-55c1-a2c7-de23ad0fb7fa,66-50882864-A0002,https://www.e-vuc.sk/bbsk/zdravotnictvo/ambulantne-zdravotnicke-zariadenia/banska-bystrica/physiotraining-banska-bystrica-mgr.-jana-sykorova.html?page_id=143454,Mgr. Jana Sýkorová,Mgr.,Jana,Sýkorová,,fyzioterapia,"Physiotraining, Banská Bystrica, (Mgr. Jana Sýkorová)",Mgr. Jana Sýkorová,50882864,ok,high,review_then_import,Nie je to license_id; meno je len extrahované z e-VÚC názvu/detailu.
3250cb10-eecc-5195-99a7-824635b2e7da,ced76aae-85d2-5049-bccc-4a6bd9fcfd4e,66-54037760-A0001,https://www.e-vuc.sk/bbsk/zdravotnictvo/ambulantne-zdravotnicke-zariadenia/banska-bystrica/vseobecna-ambulancia-pre-dospelych-mudr.-dusan-pallay-slovenska-lupca-mudr.-dusan-pallay.html?page_id=142442,MUDr. Dušan Pallay,MUDr.,Dušan,Pallay,,všeobecné lekárstvo,"Všeobecná ambulancia pre dospelých, MUDr. Dušan Pallay, Slovenská Ľupča, (MUDr. Dušan Pallay, s.r.o.)","MUDr. Dušan Pallay, s.r.o.",54037760,ok,high,review_then_import,Nie je to license_id; meno je len extrahované z e-VÚC názvu/detailu.
38d805f8-a905-591e-9287-87793d332a5a,9d164962-24bd-5a5b-8f16-946377301745,66-54252733-A0001,https://www.e-vuc.sk/bbsk/zdravotnictvo/ambulantne-zdravotnicke-zariadenia/banska-bystrica/mudr.-monika-chudikova-banska-bystrica-berimed.html?page_id=142381,MUDr. Monika Chudíková,MUDr.,Monika,Chudíková,,všeobecné lekárstvo,"MUDr. Monika Chudíková, Banská Bystrica, (BeriMed s.r.o.)",BeriMed s.r.o.,54252733,ok,high,review_then_import,Nie je to license_id; meno je len extrahované z e-VÚC názvu/detailu.
ff60fd3f-78bd-585a-975c-ad0db826156e,0f4a8dd5-f5da-580c-9192-9704b4c4f2d2,66-54100976-A0001,https://www.e-vuc.sk/bbsk/zdravotnictvo/ambulantne-zdravotnicke-zariadenia/banska-bystrica/vseobecna-ambulancia-pre-dospelych-mudr.-jana-kovacova-banska-bystrica-preventcare.html?page_id=142041,MUDr. Jana Kováčová,MUDr.,Jana,Kováčová,,všeobecné lekárstvo,"Všeobecná ambulancia pre dospelých, MUDr. Jana Kováčová, Banská Bystrica, (PreventCare s.r.o.)",PreventCare s.r.o.,54100976,ok,high,review_then_import,Nie je to license_id; meno je len extrahované z e-VÚC názvu/detailu.
e42a3801-684c-5a43-bc8e-cc36cc20b4ca,81e3cd83-996e-5446-8440-bdd1f9140fb2,66-47653671-A0001,https://www.e-vuc.sk/bbsk/zdravotnictvo/ambulantne-zdravotnicke-zariadenia/banska-bystrica/svalz-fyzioterapia-banska-bystrica-mgr.-kamil-gregan.html?page_id=141966,Mgr. Kamil Gregáň,Mgr.,Kamil,Gregáň,,fyzioterapia,"SVaLZ, fyzioterapia, Banská Bystrica, (Mgr. Kamil Gregáň)",Mgr. Kamil Gregáň,47653671,ok,high,review_then_import,Nie je to license_id; meno je len extrahované z e-VÚC názvu/detailu.
9e159953-63de-5b61-8985-4d66be66f0ce,d4114042-c2ab-51f1-bbb0-df3324799f20,51-42012295-A0001,https://www.e-vuc.sk/bbsk/zdravotnictvo/ambulantne-zdravotnicke-zariadenia/banska-bystrica/ambulancia-klinickej-logopedie-mgr-blanka-kolenova-banska-bystrica-mgr.-blanka-kolenova.html?page_id=141677,Mgr. Blanka Kolenová,Mgr.,Blanka,Kolenová,,klinická logopédia,"Ambulancia klinickej logopédie, Mgr Blanka Kolenová, Banská Bystrica, (Mgr. Blanka Kolenová)",Mgr. Blanka Kolenová,42012295,ok,high,review_then_import,Nie je to license_id; meno je len extrahované z e-VÚC názvu/detailu.
4ee366bb-bde4-5f79-96db-eb96ca05b621,7bc60e13-eb26-52d5-8e30-253dacede66b,66-53931009-A0001,https://www.e-vuc.sk/bbsk/zdravotnictvo/ambulantne-zdravotnicke-zariadenia/banska-bystrica/ambulancia-zubneho-lekarstva-mddr.-karina-jancekova-banska-bystrica-dentaly.html?page_id=141664,MDDr. Karina Jančeková,MDDr.,Karina,Jančeková,,zubné lekárstvo,"Ambulancia zubného lekárstva, MDDr. Karina Jančeková, Banská Bystrica, (Dentaly s.r.o.)",Dentaly s.r.o.,53931009,ok,high,review_then_import,Nie je to license_id; meno je len extrahované z e-VÚC názvu/detailu.
c50b1a2a-1f37-5631-b7ab-07f5de7d1e80,a41ed53d-aa76-5af2-83af-b0ca66815c2b,66-53981367-A0001,https://www.e-vuc.sk/bbsk/zdravotnictvo/ambulantne-zdravotnicke-zariadenia/banska-bystrica/vseobecna-ambulancia-pre-dospelych-mudr.-petra-kapuscinska-banska-bystrica-merkaba-s.-r.-o..html?page_id=141629,MUDr. Petra Kapuscinská,MUDr.,Petra,Kapuscinská,,všeobecné lekárstvo,"Všeobecná ambulancia pre dospelých, MUDr. Petra Kapuscinská, Banská Bystrica, (MerKaBa s. r. o.)",MerKaBa s. r. o.,53981367,ok,high,review_then_import,Nie je to license_id; meno je len extrahované z e-VÚC názvu/detailu.
f127ac54-c2e1-5d0a-a581-c171e1d582f4,097c0249-87cc-5d15-83ca-542818e3e5a2,66-51744422-A0010,https://www.e-vuc.sk/bbsk/zdravotnictvo/ambulantne-zdravotnicke-zariadenia/banska-stiavnica/vseobecna-ambulancia-pre-deti-a-dorast-mudr.-alena-veselenyiova-banska-stiavnica-rozvojova-agentura-banskobystrickeho-samospravneho-kraja-n.o..html?page_id=151100,MUDr. Alena Veselényiová,MUDr.,Alena,Veselényiová,,pediatria,"Všeobecná ambulancia pre deti a dorast, MUDr. Alena Veselényiová, Banská Štiavnica, (ROZVOJOVÁ AGENTÚRA Banskobystrického samosprávneho kraja, n.o.)","ROZVOJOVÁ AGENTÚRA Banskobystrického samosprávneho kraja, n.o.",51744422,ok,high,review_then_import,Nie je to license_id; meno je len extrahované z e-VÚC názvu/detailu.
1c3f6c09-d0ea-5bfb-b72f-a82f4165c7e3,6bfd4832-d5dd-53d8-b43c-9657a73ec2a4,51-36339865-A0009,https://www.e-vuc.sk/bbsk/zdravotnictvo/ambulantne-zdravotnicke-zariadenia/banska-stiavnica/ambulancia-cievnej-chirurgie-mudr.-vladimir-vyrostko-banska-stiavnica-nemocnica-agel-handlova.html?page_id=142225,MUDr. VLadimír Výrostko,MUDr.,VLadimír,Výrostko,,cievna chirurgia,"Ambulancia cievnej chirurgie, MUDr. VLadimír Výrostko, Banská Štiavnica, (Nemocnica AGEL Handlová s.r.o.)",Nemocnica AGEL Handlová s.r.o.,36339865,ok,high,review_then_import,Nie je to license_id; meno je len extrahované z e-VÚC názvu/detailu.
87e0fe93-f0f4-5987-8d0a-5dd103782212,308df174-fd42-5ab5-9dad-92120ff3d81b,66-36836184-A0001,https://www.e-vuc.sk/bbsk/zdravotnictvo/ambulantne-zdravotnicke-zariadenia/banska-stiavnica/vseobecna-ambulancia-pre-dospelych-mudr.-diana-berlanska-banska-stiavnica-praktiklek.html?page_id=135020,MUDr. Diana Berlanská,MUDr.,Diana,Berlanská,,všeobecné lekárstvo,"Všeobecná ambulancia pre dospelých, MUDr. Diana Berlanská, Banská Štiavnica, (PRAKTIKLEK s.r.o.)",PRAKTIKLEK s.r.o.,36836184,ok,high,review_then_import,Nie je to license_id; meno je len extrahované z e-VÚC názvu/detailu.
79a4949b-f3f5-5a78-b2c5-91c8e6b1e2d7,ec68444e-d3db-57b4-b0db-c7fce3cec009,66-50041258-A0001,https://www.e-vuc.sk/bbsk/zdravotnictvo/ambulantne-zdravotnicke-zariadenia/banska-stiavnica/vseobecna-ambulancia-pre-deti-a-dorast-banska-stiavnica-mudr.-katarina-visnovska.html?page_id=123875,MUDr. Katarína Višňovská,MUDr.,Katarína,Višňovská,,všeobecná starostlivosť o deti a dorast,"Všeobecná ambulancia pre deti a dorast, Banská Štiavnica, (MUDr. Katarína Višňovská s.r.o.)",MUDr. Katarína Višňovská s.r.o.,50041258,ok,high,review_then_import,Nie je to license_id; meno je len extrahované z e-VÚC názvu/detailu.
3458f5c5-7a8e-50f6-9226-c880030a42e7,4cf292bf-2890-5cc9-bb4c-4d1c40fcf7c5,66-47953055-A0001,https://www.e-vuc.sk/bbsk/zdravotnictvo/ambulantne-zdravotnicke-zariadenia/banska-stiavnica/vseobecna-ambulancia-pre-deti-a-dorast-mudr.-alica-kubinska-banska-stiavnica-mudr.-alica-kubinska.html?page_id=123222,MUDr. Alica Kubinská,MUDr.,Alica,Kubinská,,všeobecná starostlivosť o deti a dorast,"Všeobecná ambulancia pre deti a dorast, MUDr. Alica Kubinská, Banská Štiavnica, (MUDr. Alica Kubinská s.r.o.)",MUDr. Alica Kubinská s.r.o.,47953055,ok,high,review_then_import,Nie je to license_id; meno je len extrahované z e-VÚC názvu/detailu.
1fef4af3-4136-504a-9e1f-edc271cf8e9f,8d4cd697-f9e4-5ae9-810e-943b735265f4,66-45890226-A0002,https://www.e-vuc.sk/bbsk/zdravotnictvo/ambulantne-zdravotnicke-zariadenia/banska-stiavnica/ambulancia-pracovnej-a-organizacnej-psychologie-banska-stiavnica-phdr.-anna-stetinova-csc..html?page_id=120120,PhDr. Anna Štetinová,PhDr.,Anna,Štetinová,,pracovná a organizačná psychológia,"Ambulancia pracovnej a organizačnej psychológie, Banská Štiavnica, (PhDr. Anna Štetinová, CSc., s.r.o.)","PhDr. Anna Štetinová, CSc., s.r.o.",45890226,ok,high,review_then_import,Nie je to license_id; meno je len extrahované z e-VÚC názvu/detailu.
81977f38-349a-5397-9a91-02d937a19921,5a5611f3-6cfe-53fa-9f74-d6f36c72a0b7,66-50449281-A0001,https://www.e-vuc.sk/bbsk/zdravotnictvo/ambulantne-zdravotnicke-zariadenia/banska-stiavnica/ambulancia-vnutorneho-lekarstva-banska-stiavnica-mudr.-marian-stresko.html?page_id=103700,MUDr. Marian Streško,MUDr.,Marian,Streško,,vnútorné lekárstvo,"Ambulancia vnútorného lekárstva, Banská Štiavnica, (MUDr. Marian Streško)",MUDr. Marian Streško,50449281,ok,high,review_then_import,Nie je to license_id; meno je len extrahované z e-VÚC názvu/detailu.
4a3b3675-bf16-54cf-a070-61c422b45b99,d5343623-0a13-5e92-8c7d-03cc28370429,66-48045233-A0001,https://www.e-vuc.sk/bbsk/zdravotnictvo/ambulantne-zdravotnicke-zariadenia/banska-stiavnica/primarna-gynekologicko-porodnicka-ambulancia-mudr.-martina-broskova-banska-stiavnica-mb-femina-s.-r.-o..html?page_id=96950,MUDr. Martina Brosková,MUDr.,Martina,Brosková,,gynekológia a pôrodníctvo,"Primárna gynekologicko-pôrodnícka ambulancia, MUDr. Martina Brosková, Banská Štiavnica, (MB FEMINA, s. r. o.)","MB FEMINA, s. r. o.",48045233,ok,high,review_then_import,Nie je to license_id; meno je len extrahované z e-VÚC názvu/detailu.
36dd1976-144e-5ce2-a33c-287b1ce1eb6c,2f43a124-f978-51a6-92d8-7d967e1d8855,66-35960884-A0042,https://www.e-vuc.sk/bbsk/zdravotnictvo/ambulantne-zdravotnicke-zariadenia/banska-stiavnica/dermatovenerologicka-ambulancia-mudr.-ivan-vojtas-banska-stiavnica-penta-hospitals-sk-a.-s..html?page_id=96384,MUDr. Ivan Vojtáš,MUDr.,Ivan,Vojtáš,,dermatovenerológia,"Dermatovenerologická ambulancia, MUDr. Ivan Vojtáš, Banská Štiavnica, (Penta Hospitals SK, a. s.)","Svet zdravia, a.s.",35960884,ok,high,review_then_import,Nie je to license_id; meno je len extrahované z e-VÚC názvu/detailu.
006a181c-9168-5444-b8b0-52e4ef406149,a7eeab84-7250-5ab0-a61b-4344a33a7913,66-35960884-A0036,https://www.e-vuc.sk/bbsk/zdravotnictvo/ambulantne-zdravotnicke-zariadenia/banska-stiavnica/chirurgicka-ambulancia-mudr.-martin-macaj-banska-stiavnica-penta-hospitals-sk-a.-s..html?page_id=96383,MUDr. Martin Máčaj,MUDr.,Martin,Máčaj,,chirurgia,"Chirurgická ambulancia, MUDr. Martin Máčaj, Banská Štiavnica, (Penta Hospitals SK, a. s.)","Svet zdravia, a.s.",35960884,ok,high,review_then_import,Nie je to license_id; meno je len extrahované z e-VÚC názvu/detailu.
ecf4df72-6944-57bc-997c-8e07fe66558e,c772ba94-c85d-5a66-809f-8785515b0e36,66-35960884-A0031,https://www.e-vuc.sk/bbsk/zdravotnictvo/ambulantne-zdravotnicke-zariadenia/banska-stiavnica/ambulancia-vnutorneho-lekarstva-mudr.-dusan-gregor-banska-stiavnica-penta-hospitals-sk-a.-s..html?page_id=96377,MUDr. Dušan Gregor,MUDr.,Dušan,Gregor,,vnútorné lekárstvo,"Ambulancia vnútorného lekárstva, MUDr. Dušan Gregor, Banská Štiavnica, (Penta Hospitals SK, a. s.)","Svet zdravia, a.s.",35960884,ok,high,review_then_import,Nie je to license_id; meno je len extrahované z e-VÚC názvu/detailu.
67340b74-94c8-5d76-9bf6-cd2e0fba5019,bf6f32b6-a871-5dd7-9c79-92482bdb3c96,66-35960884-A0016,https://www.e-vuc.sk/bbsk/zdravotnictvo/ambulantne-zdravotnicke-zariadenia/banska-stiavnica/ambulancia-fyziatrie-balneologie-a-liecebnej-rehabilitacie-mudr.-mikulas-nagy-banska-stiavnica-penta-hospitals-sk-a.-s..html?page_id=96363,MUDr. Mikuláš Nagy,MUDr.,Mikuláš,Nagy,,"fyziatria, balneológia a liečebná rehabilitácia","Ambulancia fyziatrie, balneológie a liečebnej rehabilitácie, MUDr. Mikuláš Nagy, Banská Štiavnica, (Penta Hospitals SK, a. s.)","Svet zdravia, a.s.",35960884,ok,high,review_then_import,Nie je to license_id; meno je len extrahované z e-VÚC názvu/detailu.
f7669ea8-5856-5e9a-a227-b3ff76da9367,7d46e832-a79c-5252-98e2-c283ac280c2f,66-45890226-A0001,https://www.e-vuc.sk/bbsk/zdravotnictvo/ambulantne-zdravotnicke-zariadenia/banska-stiavnica/ambulancia-klinickej-psychologie-banska-stiavnica-phdr.-anna-stetinova-csc..html?page_id=95999,PhDr. Anna Štetinová,PhDr.,Anna,Štetinová,,klinická psychológia,"Ambulancia klinickej psychológie, Banská Štiavnica, (PhDr. Anna Štetinová, CSc., s.r.o.)","PhDr. Anna Štetinová, CSc., s.r.o.",45890226,ok,high,review_then_import,Nie je to license_id; meno je len extrahované z e-VÚC názvu/detailu.
b0df01a2-9319-55a1-a108-421234fd8775,e9728183-6a66-552f-8138-391f21145363,66-44524153-A0002,https://www.e-vuc.sk/bbsk/zdravotnictvo/ambulantne-zdravotnicke-zariadenia/banska-stiavnica/gastroenterologicka-ambulancia-banska-stiavnica-mudr.-renata-korenova.html?page_id=95340,MUDr. Renáta Koreňová,MUDr.,Renáta,Koreňová,,gastroenterológia,"Gastroenterologická ambulancia, Banská Štiavnica, (MUDr. Renáta Koreňová, s.r.o.)","MUDr. Renáta Koreňová, s.r.o.",44524153,ok,high,review_then_import,Nie je to license_id; meno je len extrahované z e-VÚC názvu/detailu.
023540c2-f27f-5c8f-afa9-5578874d2e7e,cb9a96cf-afa1-57c5-a254-8a80018f43e1,66-31898335-A0001,https://www.e-vuc.sk/bbsk/zdravotnictvo/ambulantne-zdravotnicke-zariadenia/banska-stiavnica/ambulancia-zubneho-lekarstva-banska-stiavnica-mudr.-dusan-hric.html?page_id=94687,MUDr. Dušan Hric,MUDr.,Dušan,Hric,,zubné lekárstvo,"Ambulancia zubného lekárstva, Banská Štiavnica, (MUDr. Dušan Hric)",MUDr. Dušan Hric,31898335,ok,high,review_then_import,Nie je to license_id; meno je len extrahované z e-VÚC názvu/detailu.
58d21156-345a-5fd3-9415-e74a873df664,206b7958-fb81-5712-8d51-f2c11dadbc62,66-42309760-A0001,https://www.e-vuc.sk/bbsk/zdravotnictvo/ambulantne-zdravotnicke-zariadenia/banska-stiavnica/ambulancia-zubneho-lekarstva-banska-stiavnica-mddr.-lucia-kminiakova.html?page_id=94261,MDDr. Lucia Kminiaková,MDDr.,Lucia,Kminiaková,,zubné lekárstvo,"Ambulancia zubného lekárstva, Banská Štiavnica, (MDDr. Lucia Kminiaková)",MDDr. Lucia Kminiaková,42309760,ok,high,review_then_import,Nie je to license_id; meno je len extrahované z e-VÚC názvu/detailu.
64df7965-a2b0-5e8f-a86b-a4cad1788900,8d8a1735-5081-5c64-9d8a-f301525c26e5,66-51744422-A0016,https://www.e-vuc.sk/bbsk/zdravotnictvo/ambulantne-zdravotnicke-zariadenia/brezno/mudr.-petra-sopkova-ambulancia-vseobecneho-lekara-pre-deti-brezno-rozvojova-agentura-banskobystrickeho-samospravneho-kraja-n.o..html?page_id=152871,MUDr. Petra Sopková,MUDr.,Petra,Sopková,,pediatria,"MUDr. Petra Sopková, Ambulancia všeobecného lekára pre deti, Brezno, (ROZVOJOVÁ AGENTÚRA Banskobystrického samosprávneho kraja, n.o.)","ROZVOJOVÁ AGENTÚRA Banskobystrického samosprávneho kraja, n.o.",51744422,ok,high,review_then_import,Nie je to license_id; meno je len extrahované z e-VÚC názvu/detailu.
10ce4050-055f-54ae-837e-047688a3a1ea,e6c48c1c-dc28-552f-8ac7-9820062d32eb,66-52465233-A0001,https://www.e-vuc.sk/bbsk/zdravotnictvo/ambulantne-zdravotnicke-zariadenia/brezno/svalz-fyzioterapia-zdravotnicke-vedy-brezno-mgr.-marcel-sekeres.html?page_id=152291,Mgr. Marcel Sekereš,Mgr.,Marcel,Sekereš,,fyzioterapia - zdravotnícke vedy,"SVaLZ, fyzioterapia - zdravotnícke vedy, Brezno, (Mgr. Marcel Sekereš)",Mgr. Marcel Sekereš,52465233,ok,high,review_then_import,Nie je to license_id; meno je len extrahované z e-VÚC názvu/detailu.
ad3b7c61-e227-5c97-9599-b16b5d677fa0,baf62bdc-c47e-5ce0-bb1d-a9a7113da98c,66-51744422-A0013,https://www.e-vuc.sk/bbsk/zdravotnictvo/ambulantne-zdravotnicke-zariadenia/brezno/vseobecna-ambulancia-pre-deti-a-dorast-mudr.-katarina-juhaniakova-brezno-rozvojova-agentura-banskobystrickeho-samospravneho-kraja-n.o..html?page_id=152115,MUDr. Katarína Juhaniaková,MUDr.,Katarína,Juhaniaková,,pediatria,"Všeobecná ambulancia pre deti a dorast, MUDr. Katarína Juhaniaková, Brezno, (ROZVOJOVÁ AGENTÚRA Banskobystrického samosprávneho kraja, n.o.)","ROZVOJOVÁ AGENTÚRA Banskobystrického samosprávneho kraja, n.o.",51744422,ok,high,review_then_import,Nie je to license_id; meno je len extrahované z e-VÚC názvu/detailu.
61d52036-28ae-522a-a314-2b7f7493b8e7,ab0efa46-b42f-5c6e-b4a4-9d297e3e382f,66-31908969-A0055,https://www.e-vuc.sk/bbsk/zdravotnictvo/ambulantne-zdravotnicke-zariadenia/brezno/ortopedicka-ambulancia-mudr.-peter-biensky-brezno-nemocnica-s-poliklinikou-brezno-n.o..html?page_id=150538,MUDr. Peter Biensky,MUDr.,Peter,Biensky,,ortopédia,"Ortopedická ambulancia, MUDr. Peter Biensky, Brezno, (Nemocnica s poliklinikou Brezno, n.o.)","Nemocnica s poliklinikou Brezno, n.o.",31908969,ok,high,review_then_import,Nie je to license_id; meno je len extrahované z e-VÚC názvu/detailu.
8c2a0c7a-8593-583f-8358-ff0f482668ba,6355d967-9405-5108-9d9a-76fa6ece39d9,66-54703883-A0002,https://www.e-vuc.sk/bbsk/zdravotnictvo/ambulantne-zdravotnicke-zariadenia/brezno/vseobecna-ambulancia-pre-deti-a-dorast-brezno-deo-iuvante-mudr.-elena-bohacikova-1.html?page_id=150516,MUDr. Elena Boháčiková,MUDr.,Elena,Boháčiková,,pediatria,"Všeobecná ambulancia pre deti a dorast, Brezno, (Deo Iuvante - MUDr. Elena Boháčiková, s.r.o.)","Deo Iuvante - MUDr. Elena Boháčiková, s.r.o.",54703883,ok,high,review_then_import,Nie je to license_id; meno je len extrahované z e-VÚC názvu/detailu.
5d75843e-3328-596f-b613-e974014f25eb,eea3e307-d174-5063-aa65-d4015f8e577f,66-31908969-A0054,https://www.e-vuc.sk/bbsk/zdravotnictvo/ambulantne-zdravotnicke-zariadenia/brezno/psychiatricka-ambulancia-mudr.-elena-snarska-brezno-nemocnica-s-poliklinikou-brezno-n.o..html?page_id=149904,MUDr. Elena Snarska,MUDr.,Elena,Snarska,,psychiatria,"Psychiatrická ambulancia, MUDr. Elena Snarska, Brezno, (Nemocnica s poliklinikou Brezno, n.o.)","Nemocnica s poliklinikou Brezno, n.o.",31908969,ok,high,review_then_import,Nie je to license_id; meno je len extrahované z e-VÚC názvu/detailu.
7acfe770-bfec-5ff1-9f04-50cc45a769e0,99f4fd6f-85fc-5784-8ab7-9cf139956604,66-55726798-A0001,https://www.e-vuc.sk/bbsk/zdravotnictvo/ambulantne-zdravotnicke-zariadenia/brezno/neurologicka-ambulancia-polomka-mudr.-miroslava-babicova.html?page_id=146620,MUDr. Miroslava Babicová,MUDr.,Miroslava,Babicová,,neurológia,"Neurologická ambulancia, Polomka, (MUDr. Miroslava Babicová)",MUDr. Miroslava Babicová,55726798,ok,high,review_then_import,Nie je to license_id; meno je len extrahované z e-VÚC názvu/detailu.
d33230eb-f392-56dd-b8b2-65847cf96838,43420c46-60e1-57c6-9f4d-dc3539f5491b,66-31908969-A0053,https://www.e-vuc.sk/bbsk/zdravotnictvo/ambulantne-zdravotnicke-zariadenia/brezno/ambulancia-klinickej-imunologie-a-alergologie-mudr.-jana-tkacikova-brezno-nemocnica-s-poliklinikou-brezno-n.o..html?page_id=146468,MUDr. Jana Tkáčiková,MUDr.,Jana,Tkáčiková,,klinická imunológia a alergológia,"Ambulancia klinickej imunológie a alergológie, MUDr. Jana Tkáčiková, Brezno, (Nemocnica s poliklinikou Brezno, n.o.)","Nemocnica s poliklinikou Brezno, n.o.",31908969,ok,high,review_then_import,Nie je to license_id; meno je len extrahované z e-VÚC názvu/detailu.
13a7c082-4814-5aea-9a4d-e8873c0273db,c93e4e14-d59f-585c-a036-a5cb07dccdaa,66-55343091-A0001,https://www.e-vuc.sk/bbsk/zdravotnictvo/ambulantne-zdravotnicke-zariadenia/brezno/svalz-fyzioterapia-cierny-balog-mgr.-adriana-kupcova.html?page_id=145554,Mgr. Adriana Kupcová,Mgr.,Adriana,Kupcová,,fyzioterapia,"SVaLZ, fyzioterapia, Čierny Balog, (Mgr. Adriana Kupcová)",Mgr. Adriana Kupcová,55343091,ok,high,review_then_import,Nie je to license_id; meno je len extrahované z e-VÚC názvu/detailu.
de42cd89-f97e-502c-9b08-3c5cb73b5490,8398590a-c48e-5f96-be0c-409fd755535e,66-54703883-A0001,https://www.e-vuc.sk/bbsk/zdravotnictvo/ambulantne-zdravotnicke-zariadenia/brezno/vseobecna-ambulancia-pre-deti-a-dorast-brezno-deo-iuvante-mudr.-elena-bohacikova.html?page_id=145271,MUDr. Elena Boháčiková,MUDr.,Elena,Boháčiková,,pediatria,"Všeobecná ambulancia pre deti a dorast, Brezno, (Deo Iuvante - MUDr. Elena Boháčiková, s.r.o.)","Deo Iuvante - MUDr. Elena Boháčiková, s.r.o.",54703883,ok,high,review_then_import,Nie je to license_id; meno je len extrahované z e-VÚC názvu/detailu.
3bd39b2e-e14b-51f5-a76f-8ab4348964ea,5c16dfd0-e42e-5533-8f93-e9c03719d81c,66-54195152-A0001,https://www.e-vuc.sk/bbsk/zdravotnictvo/ambulantne-zdravotnicke-zariadenia/brezno/ambulancia-zubneho-lekarstva-mddr.-kristina-kovacikova-cierny-balog-kk-dental-s.-r.-o..html?page_id=142383,MDDr. Kristína Kováčiková,MDDr.,Kristína,Kováčiková,,zubné lekárstvo,"Ambulancia zubného lekárstva, MDDr. Kristína Kováčiková, Čierny Balog, (KK-Dental s. r. o.)",KK-Dental s. r. o.,54195152,ok,high,review_then_import,Nie je to license_id; meno je len extrahované z e-VÚC názvu/detailu.
06d7b8bc-c25e-5d14-b48a-24bd91f0a595,b9ea2b88-499d-5b96-bb6c-b989b8cc9287,66-54237025-A0001,https://www.e-vuc.sk/bbsk/zdravotnictvo/ambulantne-zdravotnicke-zariadenia/brezno/svalz-radiologia-mudr.kosik-miroslav-brezno-diagnostic-net.html?page_id=142176,MUDr.Košík Miroslav,MUDr.,Košík,Miroslav,,rádiológia,"SVaLZ, rádiológia, MUDr.Košík Miroslav, Brezno, (Diagnostic net, s.r.o.)","Diagnostic net, s.r.o.",54237025,ok,high,review_then_import,Nie je to license_id; meno je len extrahované z e-VÚC názvu/detailu.
8dc52e4f-ba60-559d-8db8-13ef6c13bac3,b8d4a127-671d-5602-8384-3a3629ecec7f,66-53508432-A0001,https://www.e-vuc.sk/bbsk/zdravotnictvo/ambulantne-zdravotnicke-zariadenia/brezno/u-zdrav-vseobecna-ambulancia-pre-dospelych-mudr.-roman-gal-podbrezova-u-zdrav.-s.-r.-o..html?page_id=140084,MUDr. Roman Gál,MUDr.,Roman,Gál,,všeobecné lekárstvo,"U-zdrav všeobecná ambulancia pre dospelých (MUDr. Roman Gál), Podbrezová, (U-zdrav. s. r. o.)",U-zdrav. s. r. o.,53508432,ok,high,review_then_import,Nie je to license_id; meno je len extrahované z e-VÚC názvu/detailu.
5f6dc071-50ea-5f5a-b099-da06874c2e37,5dd336be-8420-566a-8fee-3d2ab7d9cbd5,66-36744859-A0002,https://www.e-vuc.sk/bbsk/zdravotnictvo/ambulantne-zdravotnicke-zariadenia/brezno/vseobecna-ambulancia-pre-deti-a-dorast-mudr.-erik-richter-polomka-amberik.html?page_id=134642,MUDr. Erik Richter,MUDr.,Erik,Richter,,pediatria,"Všeobecná ambulancia pre deti a dorast, MUDr. Erik Richter, Polomka, (AMBERIK s.r.o.)",AMBERIK s.r.o.,36744859,ok,high,review_then_import,Nie je to license_id; meno je len extrahované z e-VÚC názvu/detailu.
ac138147-2d9c-5b14-9ef9-8150552abd42,ec7153d5-92c1-5e9d-9d56-5a7295a9c8a5,51-36618284-A0005,https://www.e-vuc.sk/bbsk/zdravotnictvo/ambulantne-zdravotnicke-zariadenia/brezno/primarna-gynekologicko-porodnicka-ambulancia-mudr.-miroslav-sestina-podbrezova-sestina-s.-r.-o..html?page_id=133113,MUDr. Miroslav Šestina,MUDr.,Miroslav,Šestina,,gynekológia a pôrodníctvo,"Primárna gynekologicko-pôrodnícka ambulancia, MUDr. Miroslav Šestina, Podbrezová, (Šestina, s. r. o.)","Šestina, s. r. o.",36618284,ok,high,review_then_import,Nie je to license_id; meno je len extrahované z e-VÚC názvu/detailu.
981a6172-24d9-5f42-8591-a238ec8f9076,7d677df1-e64f-51ae-8610-ec869f1f88ee,51-36618284-A0006,https://www.e-vuc.sk/bbsk/zdravotnictvo/ambulantne-zdravotnicke-zariadenia/brezno/gynekologicka-ambulancia-mudr.-miroslav-sestina-podbrezova-sestina-s.-r.-o..html?page_id=133114,MUDr. Miroslav Šestina,MUDr.,Miroslav,Šestina,,pediatrická gynekológia,"Gynekologická ambulancia, MUDr. Miroslav Šestina, Podbrezová, (Šestina, s. r. o.)","Šestina, s. r. o.",36618284,ok,high,review_then_import,Nie je to license_id; meno je len extrahované z e-VÚC názvu/detailu.
00264f89-6df4-5647-a3ef-20b851824f0e,c3832db6-ffc2-52b5-a3a3-c46d82719e4d,66-31929486-A0003,https://www.e-vuc.sk/bbsk/zdravotnictvo/ambulantne-zdravotnicke-zariadenia/brezno/vseobecna-ambulancia-pre-dospelych-helpa-mudr.-peter-kukula.html?page_id=131581,MUDr. Peter Kukula,MUDr.,Peter,Kukula,,všeobecné lekárstvo,"Všeobecná ambulancia pre dospelých, Heľpa, (MUDr. Peter Kukula)",MUDr. Peter Kukula,31929486,ok,high,review_then_import,Nie je to license_id; meno je len extrahované z e-VÚC názvu/detailu.
81461507-7a98-5235-aa7c-3c1b67097047,497a2db3-d71d-5a87-9705-82952fdeb4ea,66-31908969-A0051,https://www.e-vuc.sk/bbsk/zdravotnictvo/ambulantne-zdravotnicke-zariadenia/brezno/psychiatricka-ambulancia-mudr.-pavel-chovanec-brezno-nemocnica-s-poliklinikou-brezno-n.o..html?page_id=131183,MUDr. Pavel Chovanec,MUDr.,Pavel,Chovanec,,psychiatria,"Psychiatrická ambulancia, MUDr. Pavel Chovanec, Brezno, (Nemocnica s poliklinikou Brezno, n.o.)","Nemocnica s poliklinikou Brezno, n.o.",31908969,ok,high,review_then_import,Nie je to license_id; meno je len extrahované z e-VÚC názvu/detailu.
2a9e3694-7e07-5f2f-b2ba-5ad12cc2126b,3baa6189-518d-5920-8e74-62f7ecc56e58,66-46857044-A0001,https://www.e-vuc.sk/bbsk/zdravotnictvo/ambulantne-zdravotnicke-zariadenia/brezno/vseobecna-ambulancia-pre-dospelych-mudr.-beata-dikaszova-benus-b-d-medic.html?page_id=129304,MUDr. Beata Dikaszová,MUDr.,Beata,Dikaszová,,všeobecné lekárstvo,"Všeobecná ambulancia pre dospelých, MUDr. Beata Dikaszová, Beňuš, (B-D Medic, s.r.o.)","B-D Medic, s.r.o.",46857044,ok,high,review_then_import,Nie je to license_id; meno je len extrahované z e-VÚC názvu/detailu.
d6ea0ab9-4c15-5f77-a378-f6f61217fea2,a6e8b445-f47f-5b3d-89de-bd3a835e9aa8,66-51261791-A0001,https://www.e-vuc.sk/bbsk/zdravotnictvo/ambulantne-zdravotnicke-zariadenia/brezno/vseobecna-ambulancia-pre-dospelych-mudr.-janka-adamcakova-brezno-medijane.html?page_id=127850,MUDr. Janka Adamčáková,MUDr.,Janka,Adamčáková,,všeobecné lekárstvo,"Všeobecná ambulancia pre dospelých, MUDr. Janka Adamčáková, Brezno, (MEDIJANE s.r.o.)",MEDIJANE s.r.o.,51261791,ok,high,review_then_import,Nie je to license_id; meno je len extrahované z e-VÚC názvu/detailu.
bcea6303-ed39-57e9-8eaa-70abb4dfa585,4862dfbd-1287-569c-a097-dee4c4746377,66-50596187-A0001,https://www.e-vuc.sk/bbsk/zdravotnictvo/ambulantne-zdravotnicke-zariadenia/brezno/ambulancia-zubneho-lekarstva-mddr.-simona-varholakova-nemecka-simident.html?page_id=121178,MDDr. Simona Varholáková,MDDr.,Simona,Varholáková,,zubné lekárstvo,"Ambulancia zubného lekárstva, MDDr. Simona Varholáková, Nemecká, (SIMIdent, s.r.o.)","SIMIdent, s.r.o.",50596187,ok,high,review_then_import,Nie je to license_id; meno je len extrahované z e-VÚC názvu/detailu.
a0d62cd8-e98b-5fc3-a7da-cc8d687b959d,de873bee-1450-53cd-9fe2-5068672999c0,66-47448164-A0002,https://www.e-vuc.sk/bbsk/zdravotnictvo/ambulantne-zdravotnicke-zariadenia/brezno/ambulancia-zubneho-lekarstva-mddr.-miroslava-kosikova-michalova-prodental.html?page_id=120449,MDDr. Miroslava Košíková,MDDr.,Miroslava,Košíková,,zubné lekárstvo,"Ambulancia zubného lekárstva, MDDr. Miroslava Košíková, Michalová, (PRODENTAL s.r.o.)",PRODENTAL s.r.o.,47448164,ok,high,review_then_import,Nie je to license_id; meno je len extrahované z e-VÚC názvu/detailu.
af6d72e1-e1b1-5f02-b6cb-a8c87a8a19a9,512c083e-e418-5a99-8ddf-3d8351f4f6b6,66-31908969-A0050,https://www.e-vuc.sk/bbsk/zdravotnictvo/ambulantne-zdravotnicke-zariadenia/brezno/kardiologicka-ambulancia-mudr.-jaroslav-podmanicky-brezno-nemocnica-s-poliklinikou-brezno-n.o..html?page_id=108132,MUDr. Jaroslav Podmanický,MUDr.,Jaroslav,Podmanický,,kardiológia,"Kardiologická ambulancia, MUDr. Jaroslav Podmanický, Brezno, (Nemocnica s poliklinikou Brezno, n.o.)","Nemocnica s poliklinikou Brezno, n.o.",31908969,ok,high,review_then_import,Nie je to license_id; meno je len extrahované z e-VÚC názvu/detailu.
5710b806-e714-5434-af93-5912d4a6f661,4b1193f9-2d6b-51d8-b25b-6560799e6895,66-31908969-A0041,https://www.e-vuc.sk/bbsk/zdravotnictvo/ambulantne-zdravotnicke-zariadenia/brezno/ambulancia-vnutorneho-lekarstva-mudr.-daniela-stellerova-brezno-nemocnica-s-poliklinikou-brezno-n.o..html?page_id=104369,MUDr. Daniela Štellerová,MUDr.,Daniela,Štellerová,,vnútorné lekárstvo,"Ambulancia vnútorného lekárstva, MUDr. Daniela Štellerová, Brezno, (Nemocnica s poliklinikou Brezno, n.o.)","Nemocnica s poliklinikou Brezno, n.o.",31908969,ok,high,review_then_import,Nie je to license_id; meno je len extrahované z e-VÚC názvu/detailu.
348d7a57-c4c4-584b-b01d-01718f90d797,d3e77976-1be8-5abf-9180-577a91b44f3c,66-47473215-A0002,https://www.e-vuc.sk/bbsk/zdravotnictvo/ambulantne-zdravotnicke-zariadenia/brezno/ambulancia-klinickej-psychologie-mgr.frantisek-nociar-brezno-klip.html?page_id=103697,Mgr.František Nociar,Mgr.,František,Nociar,,klinická psychológia,"Ambulancia klinickej psychológie, Mgr.František Nociar, Brezno, (KLIP s.r.o.)",KLIP s.r.o.,47473215,ok,high,review_then_import,Nie je to license_id; meno je len extrahované z e-VÚC názvu/detailu.
9bbcf08c-8876-5458-9e4a-a4ca31d09e07,3b6beb3b-4ce6-50dd-8479-7840afc9e843,66-32591594-A0002,https://www.e-vuc.sk/bbsk/zdravotnictvo/ambulantne-zdravotnicke-zariadenia/brezno/reumatologicka-ambulancia-brezno-mudr.-luboslava-kovacikova.html?page_id=103588,MUDr. Ľuboslava Kováčiková,MUDr.,Ľuboslava,Kováčiková,,reumatológia,"Reumatologická ambulancia, Brezno, (MUDr. Ľuboslava Kováčiková)",MUDr. Ľuboslava Kováčiková,32591594,ok,high,review_then_import,Nie je to license_id; meno je len extrahované z e-VÚC názvu/detailu.
6c438706-3f93-54bb-8bef-806e945e7ef9,04506f8c-0168-5585-808b-4864fd8a26fc,66-36642711-A0002,https://www.e-vuc.sk/bbsk/zdravotnictvo/ambulantne-zdravotnicke-zariadenia/brezno/geriatricka-ambulancia-dr.vladimir-hudec-brezno-isis.html?page_id=96713,Dr.Vladimír Hudec,Dr.,Vladimír,Hudec,,geriatria,"Geriatrická ambulancia, Dr.Vladimír Hudec, Brezno, (ÍSIS s.r.o.)",ÍSIS s.r.o.,36642711,ok,high,review_then_import,Nie je to license_id; meno je len extrahované z e-VÚC názvu/detailu.
09c720fd-0fea-5df9-9acf-1cc9899dd001,0d5c3f99-562d-566a-882e-0fcdc2037ef9,66-47448164-A0001,https://www.e-vuc.sk/bbsk/zdravotnictvo/ambulantne-zdravotnicke-zariadenia/brezno/ambulancia-zubneho-lekarstva-mddr.-miroslava-simanova-brezno-prodental.html?page_id=96095,MDDr. Miroslava Simanová,MDDr.,Miroslava,Simanová,,zubné lekárstvo,"Ambulancia zubného lekárstva, MDDr. Miroslava Simanová, Brezno, (PRODENTAL s.r.o.)",PRODENTAL s.r.o.,47448164,ok,high,review_then_import,Nie je to license_id; meno je len extrahované z e-VÚC názvu/detailu.
20e7e24f-f5b3-5a35-80c5-ec27681e6a7f,ad50cbff-07fc-5f25-a795-24cac29ce711,66-37817906-A0001,https://www.e-vuc.sk/bbsk/zdravotnictvo/ambulantne-zdravotnicke-zariadenia/brezno/ambulancia-klinickej-logopedie-brezno-paeddr.-tatiana-dunajska.html?page_id=95969,Dr. Tatiana Dunajská,Dr.,Tatiana,Dunajská,,klinická logopédia,"Ambulancia klinickej logopédie, Brezno, (PaedDr. Tatiana Dunajská)",PaedDr. Tatiana Dunajská,37817906,ok,high,review_then_import,Nie je to license_id; meno je len extrahované z e-VÚC názvu/detailu.
eb74017f-7639-54a2-acf4-bae1b34dbce4,3a218713-d6e6-5e4e-ab4a-b6366da78d9f,51-35768568-A0071,https://www.e-vuc.sk/bbsk/zdravotnictvo/ambulantne-zdravotnicke-zariadenia/brezno/vseobecna-ambulancia-pre-dospelych-mudr.-jan-pancik-brezno-novapharm.html?page_id=95804,MUDr. Ján Pančík,MUDr.,Ján,Pančík,,všeobecné lekárstvo,"Všeobecná ambulancia pre dospelých, MUDr. Ján Pančík, Brezno, (NOVAPHARM, s.r.o.)","NOVAPHARM, s.r.o.",35768568,ok,high,review_then_import,Nie je to license_id; meno je len extrahované z e-VÚC názvu/detailu.
b5c786c0-4bf8-5bd7-b828-edee3ff406f7,7b6b6704-ddff-5b85-85c7-2613df0f67b8,66-31908969-A0003,https://www.e-vuc.sk/bbsk/zdravotnictvo/ambulantne-zdravotnicke-zariadenia/brezno/vseobecna-ambulancia-pre-dospelych-mudr.-daniela-simanova-brezno-nemocnica-s-poliklinikou-brezno-n.o..html?page_id=95649,MUDr. Daniela Simanová,MUDr.,Daniela,Simanová,,všeobecné lekárstvo,"Všeobecná ambulancia pre dospelých, MUDr. Daniela Simanová, Brezno, (Nemocnica s poliklinikou Brezno, n.o.)","Nemocnica s poliklinikou Brezno, n.o.",31908969,ok,high,review_then_import,Nie je to license_id; meno je len extrahované z e-VÚC názvu/detailu.
c1c479f6-7c31-5bfc-9c4b-8bcfc0d58956,3499cb27-ef4d-59c1-a81d-b76873c683c8,66-31908969-A0035,https://www.e-vuc.sk/bbsk/zdravotnictvo/ambulantne-zdravotnicke-zariadenia/brezno/stacionar-nefrologia-mudr.-monika-marcokova-brezno-nemocnica-s-poliklinikou-brezno-n.o..html?page_id=95646,MUDr. Monika Marčoková,MUDr.,Monika,Marčoková,,nefrológia,"Stacionár, nefrológia, MUDr. Monika Marčoková, Brezno, (Nemocnica s poliklinikou Brezno, n.o.)","Nemocnica s poliklinikou Brezno, n.o.",31908969,ok,high,review_then_import,Nie je to license_id; meno je len extrahované z e-VÚC názvu/detailu.
ada3c80c-ed13-58f3-a074-19d751a1f332,225928b8-3164-57cf-92b8-dd382f729724,66-31908969-A0036,https://www.e-vuc.sk/bbsk/zdravotnictvo/ambulantne-zdravotnicke-zariadenia/brezno/urologicka-ambulancia-mudr.-juraj-gemes-brezno-nemocnica-s-poliklinikou-brezno-n.o..html?page_id=95647,MUDr. Juraj Gémeš,MUDr.,Juraj,Gémeš,,urológia,"Urologická ambulancia, MUDr. Juraj Gémeš, Brezno, (Nemocnica s poliklinikou Brezno, n.o.)","Nemocnica s poliklinikou Brezno, n.o.",31908969,ok,high,review_then_import,Nie je to license_id; meno je len extrahované z e-VÚC názvu/detailu.
cbd2bc1e-615b-5b77-abe8-13354137a96e,98ab2546-dc0d-5078-8f45-a9e0657af4b5,66-31908969-A0030,https://www.e-vuc.sk/bbsk/zdravotnictvo/ambulantne-zdravotnicke-zariadenia/brezno/neurologicka-ambulancia-mudr.-ivan-droppa-brezno-nemocnica-s-poliklinikou-brezno-n.o..html?page_id=95640,MUDr. Ivan Droppa,MUDr.,Ivan,Droppa,,neurológia,"Neurologická ambulancia, MUDr. Ivan Droppa, Brezno, (Nemocnica s poliklinikou Brezno, n.o.)","Nemocnica s poliklinikou Brezno, n.o.",31908969,ok,high,review_then_import,Nie je to license_id; meno je len extrahované z e-VÚC názvu/detailu.
6e355ef1-f264-517d-a46a-affcdf9bb89e,eb857f71-6f36-5938-9173-8297a3f37652,66-31908969-A0029,https://www.e-vuc.sk/bbsk/zdravotnictvo/ambulantne-zdravotnicke-zariadenia/brezno/neurologicka-ambulancia-mudr.-lucia-simoncicova-brezno-nemocnica-s-poliklinikou-brezno-n.o..html?page_id=95641,MUDr. Lucia Šimončičová,MUDr.,Lucia,Šimončičová,,neurológia,"Neurologická ambulancia, MUDr. Lucia Šimončičová, Brezno, (Nemocnica s poliklinikou Brezno, n.o.)","Nemocnica s poliklinikou Brezno, n.o.",31908969,ok,high,review_then_import,Nie je to license_id; meno je len extrahované z e-VÚC názvu/detailu.
0650850b-84aa-51ef-ab7e-8a46b308499f,06e0c12b-6b21-544c-bf3d-a8a379ed5a5e,66-31908969-A0031,https://www.e-vuc.sk/bbsk/zdravotnictvo/ambulantne-zdravotnicke-zariadenia/brezno/pneumologicko-ftizeologicka-ambulancia-mudr.-zdena-volentierova-brezno-nemocnica-s-poliklinikou-brezno-n.o..html?page_id=95642,MUDr. Zdena Volentierová,MUDr.,Zdena,Volentierová,,pneumológia a ftizeológia,"Pneumologicko-ftizeologická ambulancia, MUDr. Zdena Volentierová, Brezno, (Nemocnica s poliklinikou Brezno, n.o.)","Nemocnica s poliklinikou Brezno, n.o.",31908969,ok,high,review_then_import,Nie je to license_id; meno je len extrahované z e-VÚC názvu/detailu.
abbfbe00-5382-5f25-ab58-7abe8777f0cf,5d95285f-4e76-5a6c-960e-36e8f995253c,66-31908969-A0023,https://www.e-vuc.sk/bbsk/zdravotnictvo/ambulantne-zdravotnicke-zariadenia/brezno/hematologicka-a-transfuziologicka-ambulancia-mudr.-anna-latinakova-brezno-nemocnica-s-poliklinikou-brezno-n.o..html?page_id=95636,MUDr. Anna Latináková,MUDr.,Anna,Latináková,,hematológia a transfuziológia,"Hematologická a transfúziologická ambulancia, MUDr. Anna Latináková, Brezno, (Nemocnica s poliklinikou Brezno, n.o.)","Nemocnica s poliklinikou Brezno, n.o.",31908969,ok,high,review_then_import,Nie je to license_id; meno je len extrahované z e-VÚC názvu/detailu.
8b160bfb-5e1f-5070-8bac-41d15c697872,e2f402c3-d24e-550c-ab48-1fa3c96b81e1,66-31908969-A0025,https://www.e-vuc.sk/bbsk/zdravotnictvo/ambulantne-zdravotnicke-zariadenia/brezno/kardiologicka-ambulancia-mudr.-lubomir-antalik-brezno-nemocnica-s-poliklinikou-brezno-n.o..html?page_id=95638,MUDr. Ľubomír Antalík,MUDr.,Ľubomír,Antalík,,kardiológia,"Kardiologická ambulancia, MUDr. Ľubomír Antalík, Brezno, (Nemocnica s poliklinikou Brezno, n.o.)","Nemocnica s poliklinikou Brezno, n.o.",31908969,ok,high,review_then_import,Nie je to license_id; meno je len extrahované z e-VÚC názvu/detailu.
3b74ec00-c009-5100-b566-9238dee71e10,fe814ecd-92f4-5795-bc28-52b9c8d4e85a,66-31908969-A0028,https://www.e-vuc.sk/bbsk/zdravotnictvo/ambulantne-zdravotnicke-zariadenia/brezno/nefrologicka-ambulancia-mudr.-monika-marcokova-brezno-nemocnica-s-poliklinikou-brezno-n.o..html?page_id=95639,MUDr. Monika Marčoková,MUDr.,Monika,Marčoková,,nefrológia,"Nefrologická ambulancia, MUDr. Monika Marčoková, Brezno, (Nemocnica s poliklinikou Brezno, n.o.)","Nemocnica s poliklinikou Brezno, n.o.",31908969,ok,high,review_then_import,Nie je to license_id; meno je len extrahované z e-VÚC názvu/detailu.
28ac287a-a166-58fd-98d4-20ef7faa641b,482e07c6-4295-5e17-8c42-ca83db8373af,66-31908969-A0019,https://www.e-vuc.sk/bbsk/zdravotnictvo/ambulantne-zdravotnicke-zariadenia/brezno/gastroenterologicka-ambulancia-mudr.-martin-tkacik-brezno-nemocnica-s-poliklinikou-brezno-n.o..html?page_id=95631,MUDr. Martin Tkáčik,MUDr.,Martin,Tkáčik,,gastroenterológia,"Gastroenterologická ambulancia, MUDr. Martin Tkáčik, Brezno, (Nemocnica s poliklinikou Brezno, n.o.)","Nemocnica s poliklinikou Brezno, n.o.",31908969,ok,high,review_then_import,Nie je to license_id; meno je len extrahované z e-VÚC názvu/detailu.
9f29a098-fee2-5a93-a59d-88c32dc808b0,20b12411-7bd5-5ff1-b433-6613dd4ebe56,66-31908969-A0020,https://www.e-vuc.sk/bbsk/zdravotnictvo/ambulantne-zdravotnicke-zariadenia/brezno/geriatricka-ambulancia-mudr.-emilia-buckova-brezno-nemocnica-s-poliklinikou-brezno-n.o..html?page_id=95632,MUDr. Emília Bučková,MUDr.,Emília,Bučková,,geriatria,"Geriatrická ambulancia, MUDr. Emília Bučková, Brezno, (Nemocnica s poliklinikou Brezno, n.o.)","Nemocnica s poliklinikou Brezno, n.o.",31908969,ok,high,review_then_import,Nie je to license_id; meno je len extrahované z e-VÚC názvu/detailu.
847454b4-9e72-52df-ade8-58176874e521,248c011e-93f9-5652-a9c3-b93c1b9925a6,66-31908969-A0022,https://www.e-vuc.sk/bbsk/zdravotnictvo/ambulantne-zdravotnicke-zariadenia/brezno/primarna-gynekologicko-porodnicka-ambulancia-mudr.-ivan-dubiny-brezno-nemocnica-s-poliklinikou-brezno-n.o..html?page_id=95633,MUDr. Ivan Dubíny,MUDr.,Ivan,Dubíny,,gynekológia a pôrodníctvo,"Primárna gynekologicko-pôrodnícka ambulancia, MUDr. Ivan Dubíny, Brezno, (Nemocnica s poliklinikou Brezno, n.o.)","Nemocnica s poliklinikou Brezno, n.o.",31908969,ok,high,review_then_import,Nie je to license_id; meno je len extrahované z e-VÚC názvu/detailu.
78adaf9f-7a03-510e-b773-660c2d5edcf1,0ab04545-df08-5119-823f-7c668b8c29bf,66-31908969-A0021,https://www.e-vuc.sk/bbsk/zdravotnictvo/ambulantne-zdravotnicke-zariadenia/brezno/gynekologicka-ambulancia-mudr.-ivan-dubiny-brezno-nemocnica-s-poliklinikou-brezno-n.o..html?page_id=95634,MUDr. Ivan Dubíny,MUDr.,Ivan,Dubíny,,gynekológia a pôrodníctvo,"Gynekologická ambulancia, MUDr. Ivan Dubíny, Brezno, (Nemocnica s poliklinikou Brezno, n.o.)","Nemocnica s poliklinikou Brezno, n.o.",31908969,ok,high,review_then_import,Nie je to license_id; meno je len extrahované z e-VÚC názvu/detailu.
033cc0f4-3f16-5f9d-bf9e-7165a7b25aff,6d617845-c568-5767-b6b9-c06267efc049,66-31908969-A0017,https://www.e-vuc.sk/bbsk/zdravotnictvo/ambulantne-zdravotnicke-zariadenia/brezno/chirurgicka-ambulancia-mudr.-jana-mundierova-brezno-nemocnica-s-poliklinikou-brezno-n.o..html?page_id=95629,MUDr. Jana Mundierová,MUDr.,Jana,Mundierová,,chirurgia,"Chirurgická ambulancia, MUDr. Jana Mundierová, Brezno, (Nemocnica s poliklinikou Brezno, n.o.)","Nemocnica s poliklinikou Brezno, n.o.",31908969,ok,high,review_then_import,Nie je to license_id; meno je len extrahované z e-VÚC názvu/detailu.
a3c38fc7-8c63-590a-8544-420f2fa08eb8,73bac8d1-1d95-538e-a5b9-dec3b44d3edd,66-31908969-A0018,https://www.e-vuc.sk/bbsk/zdravotnictvo/ambulantne-zdravotnicke-zariadenia/brezno/endokrinologicka-ambulancia-mudr.-valeria-kelemenova-brezno-nemocnica-s-poliklinikou-brezno-n.o..html?page_id=95630,MUDr. Valeria Kelemenová,MUDr.,Valeria,Kelemenová,,endokrinológia,"Endokrinologická ambulancia, MUDr. Valeria Kelemenová, Brezno, (Nemocnica s poliklinikou Brezno, n.o.)","Nemocnica s poliklinikou Brezno, n.o.",31908969,ok,high,review_then_import,Nie je to license_id; meno je len extrahované z e-VÚC názvu/detailu.
a93c803c-9fcf-5133-9b76-8a327356b52d,670d4a00-d3ae-53d0-a487-6bfb532db558,66-31908969-A0010,https://www.e-vuc.sk/bbsk/zdravotnictvo/ambulantne-zdravotnicke-zariadenia/brezno/ambulancia-klinickej-onkologie-mudr.-dagmar-kresakova-brezno-nemocnica-s-poliklinikou-brezno-n.o..html?page_id=95622,MUDr. Dagmar Krešáková,MUDr.,Dagmar,Krešáková,,klinická onkológia,"Ambulancia klinickej onkológie, MUDr. Dagmar Krešáková, Brezno, (Nemocnica s poliklinikou Brezno, n.o.)","Nemocnica s poliklinikou Brezno, n.o.",31908969,ok,high,review_then_import,Nie je to license_id; meno je len extrahované z e-VÚC názvu/detailu.
3efdae01-fba3-5d97-9c4f-1eea73e78e29,961c7764-259e-5be4-b81f-fb367f442bec,66-31908969-A0006,https://www.e-vuc.sk/bbsk/zdravotnictvo/ambulantne-zdravotnicke-zariadenia/brezno/ambulancia-anesteziologie-a-intenzivnej-mediciny-mudr.-lucia-gordulicova-brezno-nemocnica-s-poliklinikou-brezno-n.o..html?page_id=95618,MUDr. Lucia Gorduličová,MUDr.,Lucia,Gorduličová,,anestéziológia a intenzívna medicína,"Ambulancia anestéziológie a intenzívnej medicíny, MUDr. Lucia Gorduličová, Brezno, (Nemocnica s poliklinikou Brezno, n.o.)","Nemocnica s poliklinikou Brezno, n.o.",31908969,ok,high,review_then_import,Nie je to license_id; meno je len extrahované z e-VÚC názvu/detailu.
1700e8d5-2d8e-5efd-9fa4-15c8c0ce4e70,15105d53-714a-5ca4-aef6-17a79421f457,66-31908969-A0008,https://www.e-vuc.sk/bbsk/zdravotnictvo/ambulantne-zdravotnicke-zariadenia/brezno/ambulancia-fyziatrie-balneologie-a-liecebnej-rehabilitacie-mudr.-ivana-mojzisova-brezno-nemocnica-s-poliklinikou-brezno-n.o..html?page_id=95621,MUDr. Ivana Mojžišová,MUDr.,Ivana,Mojžišová,,"fyziatria, balneológia a liečebná rehabilitácia","Ambulancia fyziatrie, balneológie a liečebnej rehabilitácie, MUDr. Ivana Mojžišová, Brezno, (Nemocnica s poliklinikou Brezno, n.o.)","Nemocnica s poliklinikou Brezno, n.o.",31908969,ok,high,review_then_import,Nie je to license_id; meno je len extrahované z e-VÚC názvu/detailu.
f990eb88-6098-54af-b1c0-53062932bdd2,1187ab62-2648-57da-9a58-8d19fa8c8c47,66-31908969-A0004,https://www.e-vuc.sk/bbsk/zdravotnictvo/ambulantne-zdravotnicke-zariadenia/brezno/algeziologicka-ambulancia-mudr.-zuzana-bencova-brezno-nemocnica-s-poliklinikou-brezno-n.o..html?page_id=95616,MUDr. Zuzana Benčová,MUDr.,Zuzana,Benčová,,algeziológia,"Algeziologická ambulancia, MUDr. Zuzana Benčová, Brezno, (Nemocnica s poliklinikou Brezno, n.o.)","Nemocnica s poliklinikou Brezno, n.o.",31908969,ok,high,review_then_import,Nie je to license_id; meno je len extrahované z e-VÚC názvu/detailu.
a6211907-94bc-5466-92db-6c1ed138a27f,42a12e59-62a9-56c3-b827-6775b3b0dcd0,66-31898572-A0001,https://www.e-vuc.sk/bbsk/zdravotnictvo/ambulantne-zdravotnicke-zariadenia/brezno/ambulancia-zubneho-lekarstva-brezno-mudr.-stefan-cemsak-1.html?page_id=95568,MUDr. Štefan Čemsák,MUDr.,Štefan,Čemsák,,zubné lekárstvo,"Ambulancia zubného lekárstva, Brezno, (MUDr. Štefan Čemsák)",MUDr. Štefan Čemsák,31898572,ok,high,review_then_import,Nie je to license_id; meno je len extrahované z e-VÚC názvu/detailu.
939824cb-2790-5909-a803-e75bbcfd3303,5b137585-4b2f-5ee6-9f5c-7a8808d34cdc,66-31898572-A0002,https://www.e-vuc.sk/bbsk/zdravotnictvo/ambulantne-zdravotnicke-zariadenia/brezno/ambulancia-zubneho-lekarstva-brezno-mudr.-stefan-cemsak.html?page_id=95569,MUDr. Štefan Čemsák,MUDr.,Štefan,Čemsák,,zubné lekárstvo,"Ambulancia zubného lekárstva, Brezno, (MUDr. Štefan Čemsák)",MUDr. Štefan Čemsák,31898572,ok,high,review_then_import,Nie je to license_id; meno je len extrahované z e-VÚC názvu/detailu.
6c52233f-123f-56c2-8f2f-6990d9990ea2,1a7b9a3f-94a3-5767-b806-3502e99c7539,66-32591594-A0001,https://www.e-vuc.sk/bbsk/zdravotnictvo/ambulantne-zdravotnicke-zariadenia/brezno/ambulancia-vnutorneho-lekarstva-brezno-mudr.-luboslava-kovacikova.html?page_id=95536,MUDr. Ľuboslava Kováčiková,MUDr.,Ľuboslava,Kováčiková,,vnútorné lekárstvo,"Ambulancia vnútorného lekárstva, Brezno, (MUDr. Ľuboslava Kováčiková)",MUDr. Ľuboslava Kováčiková,32591594,ok,high,review_then_import,Nie je to license_id; meno je len extrahované z e-VÚC názvu/detailu.
a2a70e2c-8467-5960-9425-a202f6d10d69,90d7ad15-2b2f-514c-9bfa-946fcaf53bb6,66-31912699-A0001,https://www.e-vuc.sk/bbsk/zdravotnictvo/ambulantne-zdravotnicke-zariadenia/brezno/vseobecna-ambulancia-pre-dospelych-brezno-mudr.-lubomir-zachar.html?page_id=95525,MUDr. Ľubomír Zachar,MUDr.,Ľubomír,Zachar,,všeobecné lekárstvo,"Všeobecná ambulancia pre dospelých, Brezno, (MUDr. Ľubomír Zachar)",MUDr. Ľubomír Zachar,31912699,ok,high,review_then_import,Nie je to license_id; meno je len extrahované z e-VÚC názvu/detailu.
7106363b-b84f-5cab-87e4-946cfe374766,0e8d5dc0-b654-5c93-987e-f006b28a37f5,66-35663731-A0001,https://www.e-vuc.sk/bbsk/zdravotnictvo/ambulantne-zdravotnicke-zariadenia/brezno/vseobecna-ambulancia-pre-dospelych-valaska-mudr.-lubomira-dolinska.html?page_id=95529,MUDr. Ľubomíra Dolinská,MUDr.,Ľubomíra,Dolinská,,všeobecné lekárstvo,"Všeobecná ambulancia pre dospelých, Valaská, (MUDr. Ľubomíra Dolinská)",MUDr. Ľubomíra Dolinská,35663731,ok,high,review_then_import,Nie je to license_id; meno je len extrahované z e-VÚC názvu/detailu.
f751d740-885e-522e-9840-b609247543a4,dac9a6e2-ae9c-591c-b661-501d852a8e0d,66-35996625-A0001,https://www.e-vuc.sk/bbsk/zdravotnictvo/ambulantne-zdravotnicke-zariadenia/brezno/ambulancia-zubneho-lekarstva-cierny-balog-mudr.-lubica-kovacikova.html?page_id=95519,MUDr. Ľubica Kováčiková,MUDr.,Ľubica,Kováčiková,,zubné lekárstvo,"Ambulancia zubného lekárstva, Čierny Balog, (MUDr. Ľubica Kováčiková)",MUDr. Ľubica Kováčiková,35996625,ok,high,review_then_import,Nie je to license_id; meno je len extrahované z e-VÚC názvu/detailu.
29c6240a-21ed-56a6-8418-20dbd002b1e8,d1cefd92-e27f-54f6-841d-23e726d793e4,66-47416050-A0001,https://www.e-vuc.sk/bbsk/zdravotnictvo/ambulantne-zdravotnicke-zariadenia/brezno/mudr.zora-noskova-ambulancia-zub.lekarstva-brezno-brezno-mudr.-zora-noskova.html?page_id=95491,MUDr. Zora Nosková,MUDr.,Zora,Nosková,,zubné lekárstvo,"MUDr.Zora Nosková, s.r.o., ambulancia zub.lekárstva, Brezno, Brezno, (MUDr. Zora Nosková, s.r.o.)","MUDr. Zora Nosková, s.r.o.",47416050,ok,high,review_then_import,Nie je to license_id; meno je len extrahované z e-VÚC názvu/detailu.
6f6297aa-e2a9-5d3a-ae59-886b53f2a3f1,0c74632b-6cce-5762-9a54-7dbc1f354642,66-45613711-A0005,https://www.e-vuc.sk/bbsk/zdravotnictvo/ambulantne-zdravotnicke-zariadenia/detva/ambulancia-dentalnej-hygieny-hrinova-mudr.-krnac-stefan.html?page_id=154556,MUDr. Krnáč Štefan,MUDr.,Krnáč,Štefan,,dentálna hygiena,"Ambulancia dentálnej hygieny, Hriňová, (MUDr. Krnáč Štefan s.r.o.)",MUDr. Krnáč Štefan s.r.o.,45613711,ok,high,review_then_import,Nie je to license_id; meno je len extrahované z e-VÚC názvu/detailu.
f0af47fc-3345-52c2-9137-fc29cdcd445b,4fbf4acc-66f3-5493-8f4c-8de7be2cbcf9,66-54675936-A0001,https://www.e-vuc.sk/bbsk/zdravotnictvo/ambulantne-zdravotnicke-zariadenia/detva/vseobecna-ambulancia-pre-deti-a-dorast-detva-mudr.-eva-martuliakova-s.-r.-o..html?page_id=150697,MUDr. Eva Martuliaková,MUDr.,Eva,Martuliaková,,pediatria,"Všeobecná ambulancia pre deti a dorast, Detva, (MUDr. Eva Martuliaková s. r. o.)",MUDr. Eva Martuliaková s. r. o.,54675936,ok,high,review_then_import,Nie je to license_id; meno je len extrahované z e-VÚC názvu/detailu.
dba80981-85c2-5e2f-8b22-93f3d1668da4,b44e8517-6fe6-51ac-929c-f906a60a48ee,66-35984082-A0002,https://www.e-vuc.sk/bbsk/zdravotnictvo/ambulantne-zdravotnicke-zariadenia/detva/ambulancia-zubneho-lekarstva-detva-mudr.-daniel-kuklis-1.html?page_id=149695,MUDr. Daniel Kukliš,MUDr.,Daniel,Kukliš,,zubné lekárstvo,"Ambulancia zubného lekárstva, Detva, (MUDr. Daniel Kukliš)",MUDr. Daniel Kukliš,35984082,ok,high,review_then_import,Nie je to license_id; meno je len extrahované z e-VÚC názvu/detailu.
1b4565b3-7086-52d4-9b2c-c6ac5a2a80b5,38a14e89-e7a2-5a6b-b09f-04ea64cd2125,66-36870501-A0001,https://www.e-vuc.sk/bbsk/zdravotnictvo/ambulantne-zdravotnicke-zariadenia/detva/ambulancia-dentalnej-hygieny-korytarky-mgr.-eva-hanesova.html?page_id=145666,Mgr. Eva Hanesová,Mgr.,Eva,Hanesová,,dentálna hygiena,"Ambulancia dentálnej hygieny, Korytárky, (Mgr. Eva Hanesová)",Mgr. Eva Hanesová,36870501,ok,high,review_then_import,Nie je to license_id; meno je len extrahované z e-VÚC názvu/detailu.
ebe92cf1-c10b-520c-98b9-98fe9f4ec503,5d61659a-64ce-535c-aff7-394ef198d10c,66-50087223-A0003,https://www.e-vuc.sk/bbsk/zdravotnictvo/ambulantne-zdravotnicke-zariadenia/detva/ambulancia-zubneho-lekarstva-mddr.-monika-krnacova-detva-miradodent.html?page_id=145146,MDDr. Monika Krnáčová,MDDr.,Monika,Krnáčová,,zubné lekárstvo,"Ambulancia zubného lekárstva, MDDr. Monika Krnáčová, Detva, (MiradoDent, s.r.o.)","MiradoDent, s.r.o.",50087223,ok,high,review_then_import,Nie je to license_id; meno je len extrahované z e-VÚC názvu/detailu.
22783b4d-a272-55da-b5ba-463b550f59db,143cb503-c58c-5959-aa03-d18634b25e34,66-54693411-A0001,https://www.e-vuc.sk/bbsk/zdravotnictvo/ambulantne-zdravotnicke-zariadenia/detva/ambulancia-klinickej-logopedie-detva-mgr.-zuzana-maslejova.html?page_id=143834,Mgr. Zuzana Mašlejová,Mgr.,Zuzana,Mašlejová,,klinická logopédia,"Ambulancia klinickej logopédie, Detva, (Mgr. Zuzana Mašlejová)",Mgr. Zuzana Mašlejová,54693411,ok,high,review_then_import,Nie je to license_id; meno je len extrahované z e-VÚC názvu/detailu.
7fd604a2-5630-5cca-b674-0a2611612bee,5193efc6-7ab2-5af1-9b40-d4775b49d3c7,66-36620505-A0004,https://www.e-vuc.sk/bbsk/zdravotnictvo/ambulantne-zdravotnicke-zariadenia/detva/vseobecna-ambulancia-pre-deti-a-dorast-mudr.alena-kankova-detva-rc-t-detva.html?page_id=143341,MUDr.Alena Kanková,MUDr.,Alena,Kanková,,pediatria,"Všeobecná ambulancia pre deti a dorast, MUDr.Alena Kanková, Detva, (RC & T Detva s.r.o.)",RC & T Detva s.r.o.,36620505,ok,high,review_then_import,Nie je to license_id; meno je len extrahované z e-VÚC názvu/detailu.
f0407dc3-2d77-5de7-8ee6-769554f76ba9,ae5fe7fb-1d30-54cd-8e65-0a21a82cc638,66-47216034-A0002,https://www.e-vuc.sk/bbsk/zdravotnictvo/ambulantne-zdravotnicke-zariadenia/detva/ambulancia-zubneho-lekarstva-dr.-valeri-anghileanu-detva-kuna-dent.html?page_id=140938,Dr. Valeri Anghileanu,Dr.,Valeri,Anghileanu,,zubné lekárstvo,"Ambulancia zubného lekárstva, Dr. Valeri Anghileanu, Detva, (KUNA-dent, s.r.o.)","KUNA-dent, s.r.o.",47216034,ok,high,review_then_import,Nie je to license_id; meno je len extrahované z e-VÚC názvu/detailu.
15cd4fc4-5111-5d42-8b2a-d472c440cfdc,2aa91086-76a0-5b8a-be3b-583c52fe4eb1,66-51744422-A0002,https://www.e-vuc.sk/bbsk/zdravotnictvo/ambulantne-zdravotnicke-zariadenia/detva/pneumologicko-ftizeologicka-ambulancia-mudr.-jana-makasova-detva-rozvojova-agentura-banskobystrickeho-samospravneho-kraja-n.o..html?page_id=140926,MUDr. Jana Makasová,MUDr.,Jana,Makasová,,pneumológia a ftizeológia,"Pneumologicko-ftizeologická ambulancia, MUDr. Jana Makasová, Detva, (ROZVOJOVÁ AGENTÚRA Banskobystrického samosprávneho kraja, n.o.)","ROZVOJOVÁ AGENTÚRA Banskobystrického samosprávneho kraja, n.o.",51744422,ok,high,review_then_import,Nie je to license_id; meno je len extrahované z e-VÚC názvu/detailu.
b6f15715-bbb2-5380-8d3d-ef9b6cc55592,0e13e35a-7b45-5853-85f9-4bae7842c852,66-51744422-A0001,https://www.e-vuc.sk/bbsk/zdravotnictvo/ambulantne-zdravotnicke-zariadenia/detva/vseobecna-ambulancia-pre-deti-a-dorast-mudr.-kristina-vaganova-detva-rozvojova-agentura-banskobystrickeho-samospravneho-kraja-n.o..html?page_id=132077,MUDr. Kristína Vagáňová,MUDr.,Kristína,Vagáňová,,pediatria,"Všeobecná ambulancia pre deti a dorast, MUDr. Kristína Vagáňová, Detva, (ROZVOJOVÁ AGENTÚRA Banskobystrického samosprávneho kraja, n.o.)","ROZVOJOVÁ AGENTÚRA Banskobystrického samosprávneho kraja, n.o.",51744422,ok,high,review_then_import,Nie je to license_id; meno je len extrahované z e-VÚC názvu/detailu.
1c3c44f6-700e-50df-840a-64f9ef5b4c22,e2ce386a-996a-5ecb-bb0c-75f941f6ed9a,66-52525368-A0001,https://www.e-vuc.sk/bbsk/zdravotnictvo/ambulantne-zdravotnicke-zariadenia/detva/ambulancia-dentalnej-hygieny-hrinova-mgr.-erika-machovicova.html?page_id=131535,Mgr. Erika Machovičová,Mgr.,Erika,Machovičová,,dentálna hygiena,"Ambulancia dentálnej hygieny, Hriňová, (Mgr. Erika Machovičová)",Mgr. Erika Machovičová,52525368,ok,high,review_then_import,Nie je to license_id; meno je len extrahované z e-VÚC názvu/detailu.
59c36301-d50f-5f1f-8b82-d23e654eb6cd,3e6cda97-2085-57d6-8699-776bdc4dd5e7,66-51480328-A0001,https://www.e-vuc.sk/bbsk/zdravotnictvo/ambulantne-zdravotnicke-zariadenia/detva/pneumologicko-ftizeologicka-ambulancia-detva-mudr.-jana-makasova.html?page_id=126588,MUDr. Jana Makasová,MUDr.,Jana,Makasová,,pneumológia a ftizeológia,"Pneumologicko-ftizeologická ambulancia, Detva, (MUDr. Jana Makasová)",MUDr. Jana Makasová,51480328,ok,high,review_then_import,Nie je to license_id; meno je len extrahované z e-VÚC názvu/detailu.
b19ae4bb-72a2-5e7f-af04-949e52839e81,2f35c017-34ba-55e4-a08b-a4c5ba61e381,66-47251867-A0003,https://www.e-vuc.sk/bbsk/zdravotnictvo/ambulantne-zdravotnicke-zariadenia/detva/vseobecna-ambulancia-pre-dospelych-mudr.-jozef-golian-detva-medigol.html?page_id=104969,MUDr. Jozef Golian,MUDr.,Jozef,Golian,,všeobecné lekárstvo,"Všeobecná ambulancia pre dospelých, MUDr. Jozef Golian, Detva, (MEDIGOL, s.r.o.)","MEDIGOL, s.r.o.",47251867,ok,high,review_then_import,Nie je to license_id; meno je len extrahované z e-VÚC názvu/detailu.
5167aaff-8258-566d-b16d-32bc591c742b,1df35369-0210-5555-91b4-84fd714dc5be,66-45613711-A0004,https://www.e-vuc.sk/bbsk/zdravotnictvo/ambulantne-zdravotnicke-zariadenia/detva/vseobecna-ambulancia-pre-dospelych-detva-mudr.-krnac-stefan.html?page_id=104768,MUDr. Krnáč Štefan,MUDr.,Krnáč,Štefan,,všeobecné lekárstvo,"Všeobecná ambulancia pre dospelých, Detva, (MUDr. Krnáč Štefan s.r.o.)",MUDr. Krnáč Štefan s.r.o.,45613711,ok,high,review_then_import,Nie je to license_id; meno je len extrahované z e-VÚC názvu/detailu.
eac31e42-8200-5819-96d2-48ff1f1d3f5a,c4ec8232-6fbb-578e-b2ab-bdfcffa366f6,66-36697249-A0002,https://www.e-vuc.sk/bbsk/zdravotnictvo/ambulantne-zdravotnicke-zariadenia/detva/vseobecna-ambulancia-pre-dospelych-hrinova-mudr.-koloman-kalocsay.html?page_id=95581,MUDr. Koloman Kalocsay,MUDr.,Koloman,Kalocsay,,všeobecné lekárstvo,"Všeobecná ambulancia pre dospelých, Hriňová, (MUDr. Koloman Kalocsay, s.r.o.)","MUDr. Koloman Kalocsay, s.r.o.",36697249,ok,high,review_then_import,Nie je to license_id; meno je len extrahované z e-VÚC názvu/detailu.
22b165a7-a673-540e-887f-3e0e97b4d5e2,1496f446-11d6-54cf-922d-2dea6042f4ee,66-37892126-A0002,https://www.e-vuc.sk/bbsk/zdravotnictvo/ambulantne-zdravotnicke-zariadenia/detva/neurologicka-ambulancia-detva-mudr.-stefan-cifra.html?page_id=95559,MUDr. Štefan Cifra,MUDr.,Štefan,Cifra,,neurológia,"Neurologická ambulancia, Detva, (MUDr. Štefan Cifra)",MUDr. Štefan Cifra,37892126,ok,high,review_then_import,Nie je to license_id; meno je len extrahované z e-VÚC názvu/detailu.
